Workbook
Name Division: '[1]Not Available'!$B$2:$B$7
Name Division: 'Not Available'!$B$2:$B$7
Name Status: '[1]Not Available'!$B$10:$B$13
Name Status: 'Not Available'!$B$10:$B$13
Name Status: 'Not Available'!$B$10:$B$13

Sheet 説明
A2: ① | B2: 案件．要員情報シートについて
B3: ▲今月のため対応された各案件、プロジェクト管理と他のテストの計画と実績人間を報告することです。 | K3: ※ | L3: メモ
B4: 列名の説明 | C4: 列名 | D4: 内容 | L4: 今週⇒ | M4: 「先週の定例会の日から今週の水曜日までのカウント」
C5: No.列 | D5: 連番 | L5: 来週⇒ | M5: 「今週の定例会の日から来週の水曜日までのカウント」
C6: ステータス | D6: 案件のステータス「未着手、進行中、レビュー待ち、完了」
C7: 区分 | D7: 案件のカテゴリー | L7: ・11月の計画工数の作成方法の説明
C8: DIR 担当 | D8: 案件依頼しているDIR担当者名 | L8: ・11月の計画工数と実績工数の差異の理由
C9: 案件管理コード（DAT) | D9: DAT側でのWBS管理コード | L9: ・12月の計画工数（案件毎の内訳情報も）および過不足工数の説明
C10: 案件管理コード（DIR) | D10: DIR側からの管理コード
C11: 案件 | D11: 今週中対応された案件名
C12: 備考 | D12: リマーク
J14: http://w3ttsvn10/svn/webbroker3_pr/ミャンマーDAT/30_見積り依頼/オンライン開発(2022年9月~2023年2月)についての見積書.xlsx
B15: 案件の計画工数作成方法の説明 | C15: 案件名 | D15: 計画工数作成方法
C16: 定型案件 | D16: WBSを参考し、案件の範囲とメンバーのスキルに依存して作成しています。
C17: (全社)脆弱性対応（2022年）_パス・トラバーサル対応 | D17: ◆他のプロジェクトにはFASE Formを提出して対応するプロジェクトがあります。しかし、WB4にはありません。プロジェクトの計画をPMが上記のことなどを向けて作成しています。
D18: ◆「(全社)脆弱性対応（2022年）_パス・トラバーサル対応」は徳田様が9月から12月まで各月に４人間として企画しました。
D19: ◆DIRと月次会議後には、サービス機能テストもする可能性がありますので、イェさんが２月まで各月に４人間として企画しました。 (9月~2月)の計画人間⇒25.18 各月の計画人間 ⇒ 4.19 (25.18/6)
B21: 計画工数と実績工数の差異の理由 | C21: 案件名 | D21: 理由
C22: 定型案件と (全社)脆弱性対応（2022年）_パス・トラバーサル対応 | D22: ◆DIRから計画を立っていないし、PMが自分で計画したので異なりました。
D23: ◆仕事がありますが、様々な理由で (エラーが発生など)停止しているので異なりました。 ◆仕事が止まる時、メンバーのスキルアップのため研修しています。
B25: ▲DATメンバーが対応しているプロジェクト管理タスクは６つあります。
B27: プロジェクト管理の計画工数作成方法の説明 | C27: タスク名 | D27: 計画工数作成方法
C28: DATチーム会議 | D28: ◆毎日30分(0.5 hr)かかります。 ◆全メンバーが出席しています。 ◆一人⇒(0.5 x Working Day)
C29: DIRとの定例会 | D29: ◆毎週1時間かかります。 ◆全メンバーが出席しています。 ◆一人⇒(１ x week count of a month)
C30: 日次報告書 | D30: ◆DATの社内システム(WHM)とThincの日次報告書に報告記入する時間です。 ◆毎日30分(0.5 hr)かかります。 ◆全メンバーがやっています。 ◆一人⇒(0.5 x Working Day)
C31: 週次報告 | D31: ◆毎週の水曜日DIRへ送信する週次報告作成時間と毎週の金曜日DAT管理人送信する週次報告作成時間 ◆毎週３時間かかります。 ◆PMだけやっています。 ◆一人⇒(0.5 x Working Day)
C32: プロジェクト管理、メール送受信、WBS管理、Redmine管理 | D32: ◆メール送受信時間、WBS作成時間、Redmine管理時間と他の報告作成時間です。 ◆毎日PMは３時間、二人のリーダーは30分かかる。 ◆(3 x Working Day)+(0.5 x Working Day)+(0.5 x Working Day)
C33: メンバーサポート | D33: ◆PMとリーダーが他のメンバーにサポートする時間です。 ◆毎日PMと二人のリーダーは1時間かかる。 ◆(1 x Working Day)+(1 x Working Day)+(1 x Working Day)
B35: 計画工数と実績工数の差異の理由 | C35: 案件名 | D35: 理由
C36: DATチーム会議 | D36: いつものは計画と実績が合っています。
C37: DIRとの定例会 | D37: 計画は1時間ですが、実際は30分以下かかるので 異なりました。
C38: 日次報告書 | D38: いつものは計画と実績が合っています。
C39: 週次報告 | D39: 計画を記入していますが、実績は計算する時には下記のプロジェクト管理テクストに追加して計算しています。 そして、週次報告の実績は'0'になっています。
C40: プロジェクト管理、メール送受信、WBS管理、Redmine管理 | D40: ◆毎日PMのため３時間として予定されていますが、週次報告作成時間を追加し、他の管理タスクがあるため計画と実績が異なります。 ◆毎日二人のリーダーのため30分として予定されていますが、管理タクスがない日もあるので計画と実績が異なります。
C41: メンバーサポート | D41: メンバーはサポートが不要な日もあるので計画と実績が異なります。
B43: ▲その他のタクスには案件と管理以外のタクス例えばJinwa研修やDAT社内作業などのタクスです。
B45: プロジェクト管理の計画工数作成方法の説明 | C45: タスク名 | D45: 計画工数作成方法
C46: WB4 Internal Training | D46: 新入社員がいる月には計画を作成しています。 今は新入社員がいないので計画は０になりました。
C47: JINWA Training(Class Hours) | D47: DATの社内報告書の計画時間と合わせるため、計画が０になりました。
C48: JINWA Training(Practicals) | D48: ◆メンバー４人が毎日3時間対応しています。 ◆一人⇒(３x Working Day)
C49: 開発レベル②、開発レベル③ | D49: ◆Offshore 証明書のためやっているタクスです。 ◆毎日は２時間かかります。 ◆11月にはメンバー５人が開発レベルのタクスを対応しています。 ◆一人⇒(２ x Working Day)
C50: DAT社内作業、DATエベント、トレーニング等 | D50: 計画が計算できないので、０になりました。
C51: 休暇 | D51: 休暇の計画が計算できないので、０になりました。
B53: 計画工数と実績工数の差異の理由 | C53: 案件名 | D53: 理由
C54: WB4 Internal Training | D54: 今は新入社員がいないので計画は０ですが、案件がない時は後輩メンバーがスキルアップのため過去定型案件やエラーメッセージ修正とかをやっていますので計画と実績が異なります。
C55: JINWA Training(Class Hours) | D55: 11月には授業時間が1日あるので計画と実績が異なります。
C56: JINWA Training(Practicals) | D56: 案件がない時にもJinwa研修を対応しているので計画と実績が異なります。
C57: 開発レベル②、開発レベル③ | D57: いつものは計画と実績が合っています。
C58: DAT社内作業、DATエベント、トレーニング等 | D58: 11月にはDIRの社長と会議があるし、社内トレーニング(C トレーニング)があるので計画と実績が異なります。
C59: 休暇 | D59: 11月にはイェさんは８日と18日に休暇を取ったので計画と実績が異なります。
A62: ② | B62: 週次報告シートについて
B63: ▲今週のため対応された案件などをリストアップして内訳として説明を報告することです。
B64: 列名の説明 | C64: 列名 | D64: 内容
C65: No.列 | D65: 連番
C66: DIR担当 | D66: 案件依頼しているDIR担当者名
C67: 案件管理コード（DAT) | D67: DAT側でのWBS管理コード
C68: 案件管理コード（DIR) | D68: DIR側からの管理コード
C69: 案件 | D69: 今週中対応された案件名
C70: 日付[F] | D70: 今回の期間
C71: 日付[G] | D71: 来週の期間
B73: ▲大体プロジェクトの種類として四つあります。報告スタイルは下記の通りになります。
B74: 定型案件 | C74: 開発の流れ | D74: ステータス
C75: 調査と開発 | D75: 未着手、進行中、レビュー待ち、完了
C76: 結合テスト | D76: 未着手、進行中、レビュー待ち、完了
C77: UPDATE用資料 | D77: 未着手、進行中、レビュー待ち、完了
C78: poptreeチェック | D78: 未着手、進行中、レビュー待ち、完了
B80: バッチ開発作業 | C80: 開発の流れ | D80: ステータス
C81: 基本設計 | D81: 未着手、進行中、レビュー待ち、完了
C82: 詳細設計 | D82: 未着手、進行中、レビュー待ち、完了
C83: コード開発 | D83: 未着手、進行中、レビュー待ち、完了
C84: 単体テスト | D84: 未着手、進行中、レビュー待ち、完了
C85: 総合テスト | D85: 未着手、進行中、レビュー待ち、完了
C86: UPDATE用資料 | D86: 未着手、進行中、レビュー待ち、完了
C87: poptreeチェック | D87: 未着手、進行中、レビュー待ち、完了
B89: アドホックのタスク | C89: 開発の流れ | D89: ステータス
C90: 要件確認 | D90: 未着手、進行中、レビュー待ち、完了
C91: 調査と開発 | D91: 未着手、進行中、レビュー待ち、完了
C92: 単体テスト | D92: 未着手、進行中、レビュー待ち、完了
C93: 結合テスト | D93: 未着手、進行中、レビュー待ち、完了
C94: 総合テスト | D94: 未着手、進行中、レビュー待ち、完了
C95: UPDATE用資料 | D95: 未着手、進行中、レビュー待ち、完了
C96: poptreeチェック | D96: 未着手、進行中、レビュー待ち、完了
B98: PR案件 | C98: 開発の流れ | D98: ステータス
C99: 要件確認 | D99: 未着手、進行中、レビュー待ち、完了
C100: 調査と開発 | D100: 未着手、進行中、レビュー待ち、完了
C101: 単体テスト | D101: 未着手、進行中、レビュー待ち、完了
C102: 結合テスト | D102: 未着手、進行中、レビュー待ち、完了
C103: UPDATE用資料 | D103: 未着手、進行中、レビュー待ち、完了
C104: poptreeチェック | D104: 未着手、進行中、レビュー待ち、完了
A106: ③ | B106: 休暇シートについて
B107: ▲今週、来週のためWB4チームメンバーの休暇情報を報告することです。
B108: テーブルの説明 | C108: 略語 | D108: 説明
C109: A | D109: 出勤
C110: L | D110: 休暇
C111: HL | D111: 半休
C112: H | D112: 祝日
C113: S | D113: 土曜日、日曜日
C114: YTN | D114: メンバー名の略語
C115: L-Days | D115: 総休暇日数
C116: Actual Working Days | D116: 総実稼働日数
...

Sheet 案件．要員情報まとめ
A1: 案件．要員情報 | S1: Total Member - 7 | W1: Contract Member - 5
S2: FOC Member - 2
A3: ■案件
A4: No. | B4: ステータス | C4: 区分 | D4: DIR 担当 | E4: 案件管理コード（DAT) | F4: 案件管理コード（DIR) | G4: 案件 | H4: 計画 (DIR) | I4: 計画 (DAT) | J4: 実績 | K4: 着手日 | L4: 完了日 | M4: 備考/理由 | N4: 工数（人月）
O5: 4月 | P5: 5月 | Q5: 6月 | R5: 7月 | S5: 8月 | T5: 9月 | U5: 10月 | V5: 11月 | W5: 12月 | X5: 1月 | Y5: 2月 | Z5: 3月
A6: 1 | B6: 着手中 | C6: その他 | D6: 飯田 | E6: BW1 | F6: A5207110 | G6: 【案件依頼】ビルド作業を対応 | N6: 計画 | O6: =SUM('案件．要員情報'!O7:U7) -> 0.45833333 | P6: =SUM('案件．要員情報'!V7:AA7) -> 0.21052632 | Q6: =SUM('案件．要員情報'!AB7:AG7) -> 0.27272727 | R6: =SUM('案件．要員情報'!AH7:AM7) -> 0.12121212 | S6: =SUM('案件．要員情報'!AN7:AS7) -> 0.20952381 | T6: =SUM('案件．要員情報'!AT7:AY7) -> 0.32121212 | U6: =SUM('案件．要員情報'!AZ7:BF7) -> 0.33333333 | V6: =SUM('案件．要員情報'!BG7:BN7) -> 0 | W6: =SUM('案件．要員情報'!BO7:BV7) -> 0 | X6: =SUM('案件．要員情報'!BW7:CD7) -> 0 | Y6: =SUM('案件．要員情報'!CE7:CL7) -> 0 | Z6: =SUM('案件．要員情報'!CM7:CT7) -> 0 | AA6: =SUM(O6:Z6) -> 1.9268683
N7: 実績 | O7: =SUM('案件．要員情報'!O8:U8) -> 0.40833333 | P7: =SUM('案件．要員情報'!V8:AA8) -> 0.19649123 | Q7: =SUM('案件．要員情報'!AB8:AG8) -> 0.26363636 | R7: =SUM('案件．要員情報'!AH8:AM8) -> 0.11818182 | S7: =SUM('案件．要員情報'!AN8:AS8) -> 0.20952381 | T7: =SUM('案件．要員情報'!AT8:AY8) -> 0.2969697 | U7: =SUM('案件．要員情報'!AZ8:BF8) -> 0.06 | V7: =SUM('案件．要員情報'!BG8:BN8) -> 0 | W7: =SUM('案件．要員情報'!BO8:BV8) -> 0 | X7: =SUM('案件．要員情報'!BW8:CD8) -> 0 | Y7: =SUM('案件．要員情報'!CE8:CL8) -> 0 | Z7: =SUM('案件．要員情報'!CM8:CT8) -> 0 | AA7: =SUM(O7:Z7) -> 1.5531362
A8: 2 | B8: 完了 | C8: その他 | D8: 山本 | E8: WA2 | G8: 【開発依頼】作業の自動化_UATヘルスチェック | N8: 計画 | O8: =SUM('案件．要員情報'!O9:U9) -> 0.041666667 | P8: =SUM('案件．要員情報'!V9:AA9) -> 0 | Q8: =SUM('案件．要員情報'!AB9:AG9) -> 0 | R8: =SUM('案件．要員情報'!AH9:AM9) -> 0 | S8: =SUM('案件．要員情報'!AN9:AS9) -> 0 | T8: =SUM('案件．要員情報'!AT9:AY9) -> 0 | U8: =SUM('案件．要員情報'!AZ9:BF9) -> 0 | V8: =SUM('案件．要員情報'!BG9:BN9) -> 0 | W8: =SUM('案件．要員情報'!BO9:BV9) -> 0 | X8: =SUM('案件．要員情報'!BW9:CD9) -> 0 | Y8: =SUM('案件．要員情報'!CE9:CL9) -> 0 | Z8: =SUM('案件．要員情報'!CM9:CT9) -> 0 | AA8: =SUM(O8:Z8) -> 0.041666667
N9: 実績 | O9: =SUM('案件．要員情報'!O10:U10) -> 0.029166667 | P9: =SUM('案件．要員情報'!V10:AA10) -> 0 | Q9: =SUM('案件．要員情報'!AB10:AG10) -> 0 | R9: =SUM('案件．要員情報'!AH10:AM10) -> 0 | S9: =SUM('案件．要員情報'!AN10:AS10) -> 0 | T9: =SUM('案件．要員情報'!AT10:AY10) -> 0 | U9: =SUM('案件．要員情報'!AZ10:BF10) -> 0 | V9: =SUM('案件．要員情報'!BG10:BN10) -> 0 | W9: =SUM('案件．要員情報'!BO10:BV10) -> 0 | X9: =SUM('案件．要員情報'!BW10:CD10) -> 0 | Y9: =SUM('案件．要員情報'!CE10:CL10) -> 0 | Z9: =SUM('案件．要員情報'!CM10:CT10) -> 0 | AA9: =SUM(O9:Z9) -> 0.029166667
A10: 3 | B10: 完了 | C10: その他 | D10: 仲井 | E10: WA6 | F10: PBxxxxxxxx | G10: 【開発依頼】作業の自動化・効率化_エラーメッセージ一覧作成 | N10: 計画 | O10: =SUM('案件．要員情報'!O11:U11) -> 0.66666667 | P10: =SUM('案件．要員情報'!V11:AA11) -> 0 | Q10: =SUM('案件．要員情報'!AB11:AG11) -> 0 | R10: =SUM('案件．要員情報'!AH11:AM11) -> 0 | S10: =SUM('案件．要員情報'!AN11:AS11) -> 0 | T10: =SUM('案件．要員情報'!AT11:AY11) -> 0 | U10: =SUM('案件．要員情報'!AZ11:BF11) -> 0 | V10: =SUM('案件．要員情報'!BG11:BN11) -> 0 | W10: =SUM('案件．要員情報'!BO11:BV11) -> 0 | X10: =SUM('案件．要員情報'!BW11:CD11) -> 0 | Y10: =SUM('案件．要員情報'!CE11:CL11) -> 0 | Z10: =SUM('案件．要員情報'!CM11:CT11) -> 0 | AA10: =SUM(O10:Z10) -> 0.66666667
N11: 実績 | O11: =SUM('案件．要員情報'!O12:U12) -> 0.61666667 | P11: =SUM('案件．要員情報'!V12:AA12) -> 0 | Q11: =SUM('案件．要員情報'!AB12:AG12) -> 0 | R11: =SUM('案件．要員情報'!AH12:AM12) -> 0 | S11: =SUM('案件．要員情報'!AN12:AS12) -> 0 | T11: =SUM('案件．要員情報'!AT12:AY12) -> 0 | U11: =SUM('案件．要員情報'!AZ12:BF12) -> 0 | V11: =SUM('案件．要員情報'!BG12:BN12) -> 0 | W11: =SUM('案件．要員情報'!BO12:BV12) -> 0 | X11: =SUM('案件．要員情報'!BW12:CD12) -> 0 | Y11: =SUM('案件．要員情報'!CE12:CL12) -> 0 | Z11: =SUM('案件．要員情報'!CM12:CT12) -> 0 | AA11: =SUM(O11:Z11) -> 0.61666667
A12: 4 | B12: 完了 | C12: その他 | D12: 安藤 | E12: BT7 | F12: PBxxxxxxxx | G12: 【開発依頼】4631_PBxxxxxxxx_(90)バッチ機DISC使用率軽減対応 | N12: 計画 | O12: =SUM('案件．要員情報'!O13:U13) -> 0.58333333 | P12: =SUM('案件．要員情報'!V13:AA13) -> 0 | Q12: =SUM('案件．要員情報'!AB13:AG13) -> 0.3030303 | R12: =SUM('案件．要員情報'!AH13:AM13) -> 0 | S12: =SUM('案件．要員情報'!AN13:AS13) -> 0 | T12: =SUM('案件．要員情報'!AT13:AY13) -> 0.13333333 | U12: =SUM('案件．要員情報'!AZ13:BF13) -> 0 | V12: =SUM('案件．要員情報'!BG13:BN13) -> 0 | W12: =SUM('案件．要員情報'!BO13:BV13) -> 0 | X12: =SUM('案件．要員情報'!BW13:CD13) -> 0 | Y12: =SUM('案件．要員情報'!CE13:CL13) -> 0 | Z12: =SUM('案件．要員情報'!CM13:CT13) -> 0 | AA12: =SUM(O12:Z12) -> 1.019697
N13: 実績 | O13: =SUM('案件．要員情報'!O14:U14) -> 0.54791667 | P13: =SUM('案件．要員情報'!V14:AA14) -> 0 | Q13: =SUM('案件．要員情報'!AB14:AG14) -> 0.26363636 | R13: =SUM('案件．要員情報'!AH14:AM14) -> 0 | S13: =SUM('案件．要員情報'!AN14:AS14) -> 0 | T13: =SUM('案件．要員情報'!AT14:AY14) -> 0.12424242 | U13: =SUM('案件．要員情報'!AZ14:BF14) -> 0 | V13: =SUM('案件．要員情報'!BG14:BN14) -> 0 | W13: =SUM('案件．要員情報'!BO14:BV14) -> 0 | X13: =SUM('案件．要員情報'!BW14:CD14) -> 0 | Y13: =SUM('案件．要員情報'!CE14:CL14) -> 0 | Z13: =SUM('案件．要員情報'!CM14:CT14) -> 0 | AA13: =SUM(O13:Z13) -> 0.93579545
A14: 5 | B14: 完了 | C14: 定型 | D14: 山田 | E14: F201 | F14: PB00202063 | G14: 【定型】信用取引金利優遇条件設定依頼 | N14: 計画 | O14: =SUM('案件．要員情報'!O15:U15) -> 0.375 | P14: =SUM('案件．要員情報'!V15:AA15) -> 0 | Q14: =SUM('案件．要員情報'!AB15:AG15) -> 0 | R14: =SUM('案件．要員情報'!AH15:AM15) -> 0 | S14: =SUM('案件．要員情報'!AN15:AS15) -> 0 | T14: =SUM('案件．要員情報'!AT15:AY15) -> 0 | U14: =SUM('案件．要員情報'!AZ15:BF15) -> 0 | V14: =SUM('案件．要員情報'!BG15:BN15) -> 0 | W14: =SUM('案件．要員情報'!BO15:BV15) -> 0 | X14: =SUM('案件．要員情報'!BW15:CD15) -> 0 | Y14: =SUM('案件．要員情報'!CE15:CL15) -> 0 | Z14: =SUM('案件．要員情報'!CM15:CT15) -> 0 | AA14: =SUM(O14:Z14) -> 0.375
N15: 実績 | O15: =SUM('案件．要員情報'!O16:U16) -> 0.32083333 | P15: =SUM('案件．要員情報'!V16:AA16) -> 0 | Q15: =SUM('案件．要員情報'!AB16:AG16) -> 0 | R15: =SUM('案件．要員情報'!AH16:AM16) -> 0 | S15: =SUM('案件．要員情報'!AN16:AS16) -> 0 | T15: =SUM('案件．要員情報'!AT16:AY16) -> 0 | U15: =SUM('案件．要員情報'!AZ16:BF16) -> 0 | V15: =SUM('案件．要員情報'!BG16:BN16) -> 0 | W15: =SUM('案件．要員情報'!BO16:BV16) -> 0 | X15: =SUM('案件．要員情報'!BW16:CD16) -> 0 | Y15: =SUM('案件．要員情報'!CE16:CL16) -> 0 | Z15: =SUM('案件．要員情報'!CM16:CT16) -> 0 | AA15: =SUM(O15:Z15) -> 0.32083333
A16: 6 | B16: 完了 | C16: その他 | D16: 永盛 | E16: PR15 | F16: PD00400226 | G16: 【LISA】【フィデア】(1E)(1Y)銀行合併対応 開発フェーズ（LISA） | N16: 計画 | O16: =SUM('案件．要員情報'!O17:U17) -> 0.041666667 | P16: =SUM('案件．要員情報'!V17:AA17) -> 0.056140351 | Q16: =SUM('案件．要員情報'!AB17:AG17) -> 0.060606061 | R16: =SUM('案件．要員情報'!AH17:AM17) -> 0 | S16: =SUM('案件．要員情報'!AN17:AS17) -> 0 | T16: =SUM('案件．要員情報'!AT17:AY17) -> 0 | U16: =SUM('案件．要員情報'!AZ17:BF17) -> 0 | V16: =SUM('案件．要員情報'!BG17:BN17) -> 0 | W16: =SUM('案件．要員情報'!BO17:BV17) -> 0 | X16: =SUM('案件．要員情報'!BW17:CD17) -> 0 | Y16: =SUM('案件．要員情報'!CE17:CL17) -> 0 | Z16: =SUM('案件．要員情報'!CM17:CT17) -> 0 | AA16: =SUM(O16:Z16) -> 0.15841308
N17: 実績 | O17: =SUM('案件．要員情報'!O18:U18) -> 0.025 | P17: =SUM('案件．要員情報'!V18:AA18) -> 0.031578947 | Q17: =SUM('案件．要員情報'!AB18:AG18) -> 0.036363636 | R17: =SUM('案件．要員情報'!AH18:AM18) -> 0 | S17: =SUM('案件．要員情報'!AN18:AS18) -> 0 | T17: =SUM('案件．要員情報'!AT18:AY18) -> 0 | U17: =SUM('案件．要員情報'!AZ18:BF18) -> 0 | V17: =SUM('案件．要員情報'!BG18:BN18) -> 0 | W17: =SUM('案件．要員情報'!BO18:BV18) -> 0 | X17: =SUM('案件．要員情報'!BW18:CD18) -> 0 | Y17: =SUM('案件．要員情報'!CE18:CL18) -> 0 | Z17: =SUM('案件．要員情報'!CM18:CT18) -> 0 | AA17: =SUM(O17:Z17) -> 0.092942584
A18: 7 | B18: 完了 | C18: 定型 | D18: 山田 | E18: F202 | F18: PB00202062 | G18: 【定型】投資家画面の文言変更 | N18: 計画 | O18: =SUM('案件．要員情報'!O19:U19) -> 0.43333333 | P18: =SUM('案件．要員情報'!V19:AA19) -> 0 | Q18: =SUM('案件．要員情報'!AB19:AG19) -> 0 | R18: =SUM('案件．要員情報'!AH19:AM19) -> 0 | S18: =SUM('案件．要員情報'!AN19:AS19) -> 0 | T18: =SUM('案件．要員情報'!AT19:AY19) -> 0 | U18: =SUM('案件．要員情報'!AZ19:BF19) -> 0 | V18: =SUM('案件．要員情報'!BG19:BN19) -> 0 | W18: =SUM('案件．要員情報'!BO19:BV19) -> 0 | X18: =SUM('案件．要員情報'!BW19:CD19) -> 0 | Y18: =SUM('案件．要員情報'!CE19:CL19) -> 0 | Z18: =SUM('案件．要員情報'!CM19:CT19) -> 0 | AA18: =SUM(O18:Z18) -> 0.43333333
N19: 実績 | O19: =SUM('案件．要員情報'!O20:U20) -> 0.40625 | P19: =SUM('案件．要員情報'!V20:AA20) -> 0 | Q19: =SUM('案件．要員情報'!AB20:AG20) -> 0 | R19: =SUM('案件．要員情報'!AH20:AM20) -> 0 | S19: =SUM('案件．要員情報'!AN20:AS20) -> 0 | T19: =SUM('案件．要員情報'!AT20:AY20) -> 0 | U19: =SUM('案件．要員情報'!AZ20:BF20) -> 0 | V19: =SUM('案件．要員情報'!BG20:BN20) -> 0 | W19: =SUM('案件．要員情報'!BO20:BV20) -> 0 | X19: =SUM('案件．要員情報'!BW20:CD20) -> 0 | Y19: =SUM('案件．要員情報'!CE20:CL20) -> 0 | Z19: =SUM('案件．要員情報'!CM20:CT20) -> 0 | AA19: =SUM(O19:Z19) -> 0.40625
A20: 8 | B20: 完了 | C20: 定型 | D20: 山田 | E20: F203 | F20: PB00202085 | G20: 【定型】株式委託手数料プランの名前変更 | N20: 計画 | O20: =SUM('案件．要員情報'!O21:U21) -> 0.29166667 | P20: =SUM('案件．要員情報'!V21:AA21) -> 0 | Q20: =SUM('案件．要員情報'!AB21:AG21) -> 0 | R20: =SUM('案件．要員情報'!AH21:AM21) -> 0 | S20: =SUM('案件．要員情報'!AN21:AS21) -> 0 | T20: =SUM('案件．要員情報'!AT21:AY21) -> 0 | U20: =SUM('案件．要員情報'!AZ21:BF21) -> 0 | V20: =SUM('案件．要員情報'!BG21:BN21) -> 0 | W20: =SUM('案件．要員情報'!BO21:BV21) -> 0 | X20: =SUM('案件．要員情報'!BW21:CD21) -> 0 | Y20: =SUM('案件．要員情報'!CE21:CL21) -> 0 | Z20: =SUM('案件．要員情報'!CM21:CT21) -> 0 | AA20: =SUM(O20:Z20) -> 0.29166667
N21: 実績 | O21: =SUM('案件．要員情報'!O22:U22) -> 0.25 | P21: =SUM('案件．要員情報'!V22:AA22) -> 0 | Q21: =SUM('案件．要員情報'!AB22:AG22) -> 0 | R21: =SUM('案件．要員情報'!AH22:AM22) -> 0 | S21: =SUM('案件．要員情報'!AN22:AS22) -> 0 | T21: =SUM('案件．要員情報'!AT22:AY22) -> 0 | U21: =SUM('案件．要員情報'!AZ22:BF22) -> 0 | V21: =SUM('案件．要員情報'!BG22:BN22) -> 0 | W21: =SUM('案件．要員情報'!BO22:BV22) -> 0 | X21: =SUM('案件．要員情報'!BW22:CD22) -> 0 | Y21: =SUM('案件．要員情報'!CE22:CL22) -> 0 | Z21: =SUM('案件．要員情報'!CM22:CT22) -> 0 | AA21: =SUM(O21:Z21) -> 0.25
A22: 9 | B22: 完了 | C22: 定型 | D22: 山田 | E22: F204 | G22: 【定型】クイック入金ページの注意文言修正依頼 | N22: 計画 | O22: =SUM('案件．要員情報'!O23:U23) -> 0.20833333 | P22: =SUM('案件．要員情報'!V23:AA23) -> 0 | Q22: =SUM('案件．要員情報'!AB23:AG23) -> 0 | R22: =SUM('案件．要員情報'!AH23:AM23) -> 0 | S22: =SUM('案件．要員情報'!AN23:AS23) -> 0 | T22: =SUM('案件．要員情報'!AT23:AY23) -> 0 | U22: =SUM('案件．要員情報'!AZ23:BF23) -> 0 | V22: =SUM('案件．要員情報'!BG23:BN23) -> 0 | W22: =SUM('案件．要員情報'!BO23:BV23) -> 0 | X22: =SUM('案件．要員情報'!BW23:CD23) -> 0 | Y22: =SUM('案件．要員情報'!CE23:CL23) -> 0 | Z22: =SUM('案件．要員情報'!CM23:CT23) -> 0 | AA22: =SUM(O22:Z22) -> 0.20833333
N23: 実績 | O23: =SUM('案件．要員情報'!O24:U24) -> 0.19791667 | P23: =SUM('案件．要員情報'!V24:AA24) -> 0 | Q23: =SUM('案件．要員情報'!AB24:AG24) -> 0 | R23: =SUM('案件．要員情報'!AH24:AM24) -> 0 | S23: =SUM('案件．要員情報'!AN24:AS24) -> 0 | T23: =SUM('案件．要員情報'!AT24:AY24) -> 0 | U23: =SUM('案件．要員情報'!AZ24:BF24) -> 0 | V23: =SUM('案件．要員情報'!BG24:BN24) -> 0 | W23: =SUM('案件．要員情報'!BO24:BV24) -> 0 | X23: =SUM('案件．要員情報'!BW24:CD24) -> 0 | Y23: =SUM('案件．要員情報'!CE24:CL24) -> 0 | Z23: =SUM('案件．要員情報'!CM24:CT24) -> 0 | AA23: =SUM(O23:Z23) -> 0.19791667
A24: 10 | B24: 完了 | C24: その他 | D24: 鈴木 | E24: EPM13 | F24: PC00115425 | G24: 4574_PC00115425_(全社)信用取引残高報告のフォーマット変更に係る対応 | N24: 計画 | O24: =SUM('案件．要員情報'!O25:U25) -> 0.80833333 | P24: =SUM('案件．要員情報'!V25:AA25) -> 0.23157895 | Q24: =SUM('案件．要員情報'!AB25:AG25) -> 0 | R24: =SUM('案件．要員情報'!AH25:AM25) -> 0 | S24: =SUM('案件．要員情報'!AN25:AS25) -> 0 | T24: =SUM('案件．要員情報'!AT25:AY25) -> 0 | U24: =SUM('案件．要員情報'!AZ25:BF25) -> 0 | V24: =SUM('案件．要員情報'!BG25:BN25) -> 0 | W24: =SUM('案件．要員情報'!BO25:BV25) -> 0 | X24: =SUM('案件．要員情報'!BW25:CD25) -> 0 | Y24: =SUM('案件．要員情報'!CE25:CL25) -> 0 | Z24: =SUM('案件．要員情報'!CM25:CT25) -> 0 | AA24: =SUM(O24:Z24) -> 1.0399123
N25: 実績 | O25: =SUM('案件．要員情報'!O26:U26) -> 0.775 | P25: =SUM('案件．要員情報'!V26:AA26) -> 0.16491228 | Q25: =SUM('案件．要員情報'!AB26:AG26) -> 0 | R25: =SUM('案件．要員情報'!AH26:AM26) -> 0 | S25: =SUM('案件．要員情報'!AN26:AS26) -> 0 | T25: =SUM('案件．要員情報'!AT26:AY26) -> 0 | U25: =SUM('案件．要員情報'!AZ26:BF26) -> 0 | V25: =SUM('案件．要員情報'!BG26:BN26) -> 0 | W25: =SUM('案件．要員情報'!BO26:BV26) -> 0 | X25: =SUM('案件．要員情報'!BW26:CD26) -> 0 | Y25: =SUM('案件．要員情報'!CE26:CL26) -> 0 | Z25: =SUM('案件．要員情報'!CM26:CT26) -> 0 | AA25: =SUM(O25:Z25) -> 0.93991228
A26: 11 | B26: 完了 | C26: その他 | D26: 坂野 | E26: EPM14 | G26: 【EPM】【依頼】レポーティング開発 | N26: 計画 | O26: =SUM('案件．要員情報'!O27:U27) -> 0.15 | P26: =SUM('案件．要員情報'!V27:AA27) -> 0 | Q26: =SUM('案件．要員情報'!AB27:AG27) -> 0 | R26: =SUM('案件．要員情報'!AH27:AM27) -> 0 | S26: =SUM('案件．要員情報'!AN27:AS27) -> 0 | T26: =SUM('案件．要員情報'!AT27:AY27) -> 0 | U26: =SUM('案件．要員情報'!AZ27:BF27) -> 0 | V26: =SUM('案件．要員情報'!BG27:BN27) -> 0 | W26: =SUM('案件．要員情報'!BO27:BV27) -> 0 | X26: =SUM('案件．要員情報'!BW27:CD27) -> 0 | Y26: =SUM('案件．要員情報'!CE27:CL27) -> 0 | Z26: =SUM('案件．要員情報'!CM27:CT27) -> 0 | AA26: =SUM(O26:Z26) -> 0.15
N27: 実績 | O27: =SUM('案件．要員情報'!O28:U28) -> 0.13333333 | P27: =SUM('案件．要員情報'!V28:AA28) -> 0 | Q27: =SUM('案件．要員情報'!AB28:AG28) -> 0 | R27: =SUM('案件．要員情報'!AH28:AM28) -> 0 | S27: =SUM('案件．要員情報'!AN28:AS28) -> 0 | T27: =SUM('案件．要員情報'!AT28:AY28) -> 0 | U27: =SUM('案件．要員情報'!AZ28:BF28) -> 0 | V27: =SUM('案件．要員情報'!BG28:BN28) -> 0 | W27: =SUM('案件．要員情報'!BO28:BV28) -> 0 | X27: =SUM('案件．要員情報'!BW28:CD28) -> 0 | Y27: =SUM('案件．要員情報'!CE28:CL28) -> 0 | Z27: =SUM('案件．要員情報'!CM28:CT28) -> 0 | AA27: =SUM(O27:Z27) -> 0.13333333
A28: 12 | B28: 完了 | C28: その他 | D28: 坂野 | E28: PA5 | G28: 【PLATE】PLATE AUTOマニュアル修正 | N28: 計画 | O28: =SUM('案件．要員情報'!O29:U29) -> 0.066666667 | P28: =SUM('案件．要員情報'!V29:AA29) -> 0 | Q28: =SUM('案件．要員情報'!AB29:AG29) -> 0 | R28: =SUM('案件．要員情報'!AH29:AM29) -> 0 | S28: =SUM('案件．要員情報'!AN29:AS29) -> 0 | T28: =SUM('案件．要員情報'!AT29:AY29) -> 0 | U28: =SUM('案件．要員情報'!AZ29:BF29) -> 0 | V28: =SUM('案件．要員情報'!BG29:BN29) -> 0 | W28: =SUM('案件．要員情報'!BO29:BV29) -> 0 | X28: =SUM('案件．要員情報'!BW29:CD29) -> 0 | Y28: =SUM('案件．要員情報'!CE29:CL29) -> 0 | Z28: =SUM('案件．要員情報'!CM29:CT29) -> 0 | AA28: =SUM(O28:Z28) -> 0.066666667
N29: 実績 | O29: =SUM('案件．要員情報'!O30:U30) -> 0.054166667 | P29: =SUM('案件．要員情報'!V30:AA30) -> 0 | Q29: =SUM('案件．要員情報'!AB30:AG30) -> 0 | R29: =SUM('案件．要員情報'!AH30:AM30) -> 0 | S29: =SUM('案件．要員情報'!AN30:AS30) -> 0 | T29: =SUM('案件．要員情報'!AT30:AY30) -> 0 | U29: =SUM('案件．要員情報'!AZ30:BF30) -> 0 | V29: =SUM('案件．要員情報'!BG30:BN30) -> 0 | W29: =SUM('案件．要員情報'!BO30:BV30) -> 0 | X29: =SUM('案件．要員情報'!BW30:CD30) -> 0 | Y29: =SUM('案件．要員情報'!CE30:CL30) -> 0 | Z29: =SUM('案件．要員情報'!CM30:CT30) -> 0 | AA29: =SUM(O29:Z29) -> 0.054166667
A30: 13 | B30: 完了 | C30: 定型 | D30: 山田 | E30: F205 | F30: PB00202097 | G30: PB00202097_【定型】加入協会名変更 | N30: 計画 | O30: =SUM('案件．要員情報'!O31:U31) -> 0.61666667 | P30: =SUM('案件．要員情報'!V31:AA31) -> 0 | Q30: =SUM('案件．要員情報'!AB31:AG31) -> 0 | R30: =SUM('案件．要員情報'!AH31:AM31) -> 0 | S30: =SUM('案件．要員情報'!AN31:AS31) -> 0 | T30: =SUM('案件．要員情報'!AT31:AY31) -> 0 | U30: =SUM('案件．要員情報'!AZ31:BF31) -> 0 | V30: =SUM('案件．要員情報'!BG31:BN31) -> 0 | W30: =SUM('案件．要員情報'!BO31:BV31) -> 0 | X30: =SUM('案件．要員情報'!BW31:CD31) -> 0 | Y30: =SUM('案件．要員情報'!CE31:CL31) -> 0 | Z30: =SUM('案件．要員情報'!CM31:CT31) -> 0 | AA30: =SUM(O30:Z30) -> 0.61666667
N31: 実績 | O31: =SUM('案件．要員情報'!O32:U32) -> 0.58541667 | P31: =SUM('案件．要員情報'!V32:AA32) -> 0 | Q31: =SUM('案件．要員情報'!AB32:AG32) -> 0 | R31: =SUM('案件．要員情報'!AH32:AM32) -> 0 | S31: =SUM('案件．要員情報'!AN32:AS32) -> 0 | T31: =SUM('案件．要員情報'!AT32:AY32) -> 0 | U31: =SUM('案件．要員情報'!AZ32:BF32) -> 0 | V31: =SUM('案件．要員情報'!BG32:BN32) -> 0 | W31: =SUM('案件．要員情報'!BO32:BV32) -> 0 | X31: =SUM('案件．要員情報'!BW32:CD32) -> 0 | Y31: =SUM('案件．要員情報'!CE32:CL32) -> 0 | Z31: =SUM('案件．要員情報'!CM32:CT32) -> 0 | AA31: =SUM(O31:Z31) -> 0.58541667
A32: 14 | B32: 完了 | C32: その他 | D32: 安藤 | E32: PR16 | F32: PBxxxxxxxx | G32: 【WB4】【開発依頼】4670_PBxxxxxxxx_(0D)管理者画面の表示修正 | N32: 計画 | O32: =SUM('案件．要員情報'!O33:U33) -> 0.35 | P32: =SUM('案件．要員情報'!V33:AA33) -> 0.63157895 | Q32: =SUM('案件．要員情報'!AB33:AG33) -> 0.060606061 | R32: =SUM('案件．要員情報'!AH33:AM33) -> 0 | S32: =SUM('案件．要員情報'!AN33:AS33) -> 0.038095238 | T32: =SUM('案件．要員情報'!AT33:AY33) -> 0 | U32: =SUM('案件．要員情報'!AZ33:BF33) -> 0 | V32: =SUM('案件．要員情報'!BG33:BN33) -> 0 | W32: =SUM('案件．要員情報'!BO33:BV33) -> 0 | X32: =SUM('案件．要員情報'!BW33:CD33) -> 0 | Y32: =SUM('案件．要員情報'!CE33:CL33) -> 0 | Z32: =SUM('案件．要員情報'!CM33:CT33) -> 0 | AA32: =SUM(O32:Z32) -> 1.0802802
N33: 実績 | O33: =SUM('案件．要員情報'!O34:U34) -> 0.31666667 | P33: =SUM('案件．要員情報'!V34:AA34) -> 0.62105263 | Q33: =SUM('案件．要員情報'!AB34:AG34) -> 0.036363636 | R33: =SUM('案件．要員情報'!AH34:AM34) -> 0 | S33: =SUM('案件．要員情報'!AN34:AS34) -> 0.033333333 | T33: =SUM('案件．要員情報'!AT34:AY34) -> 0 | U33: =SUM('案件．要員情報'!AZ34:BF34) -> 0 | V33: =SUM('案件．要員情報'!BG34:BN34) -> 0 | W33: =SUM('案件．要員情報'!BO34:BV34) -> 0 | X33: =SUM('案件．要員情報'!BW34:CD34) -> 0 | Y33: =SUM('案件．要員情報'!CE34:CL34) -> 0 | Z33: =SUM('案件．要員情報'!CM34:CT34) -> 0 | AA33: =SUM(O33:Z33) -> 1.0074163
A34: 15 | B34: 完了 | C34: その他 | D34: 髙木 | E34: WA5 | G34: 【見積依頼】【EPM2】J-IRISS運営終了に伴う内部者情報照合ツール改修 | N34: 計画 | O34: =SUM('案件．要員情報'!O35:U35) -> 0.0125 | P34: =SUM('案件．要員情報'!V35:AA35) -> 0 | Q34: =SUM('案件．要員情報'!AB35:AG35) -> 0 | R34: =SUM('案件．要員情報'!AH35:AM35) -> 0 | S34: =SUM('案件．要員情報'!AN35:AS35) -> 0 | T34: =SUM('案件．要員情報'!AT35:AY35) -> 0 | U34: =SUM('案件．要員情報'!AZ35:BF35) -> 0 | V34: =SUM('案件．要員情報'!BG35:BN35) -> 0 | W34: =SUM('案件．要員情報'!BO35:BV35) -> 0 | X34: =SUM('案件．要員情報'!BW35:CD35) -> 0 | Y34: =SUM('案件．要員情報'!CE35:CL35) -> 0 | Z34: =SUM('案件．要員情報'!CM35:CT35) -> 0 | AA34: =SUM(O34:Z34) -> 0.0125
N35: 実績 | O35: =SUM('案件．要員情報'!O36:U36) -> 0.0041666667 | P35: =SUM('案件．要員情報'!V36:AA36) -> 0 | Q35: =SUM('案件．要員情報'!AB36:AG36) -> 0 | R35: =SUM('案件．要員情報'!AH36:AM36) -> 0 | S35: =SUM('案件．要員情報'!AN36:AS36) -> 0 | T35: =SUM('案件．要員情報'!AT36:AY36) -> 0 | U35: =SUM('案件．要員情報'!AZ36:BF36) -> 0 | V35: =SUM('案件．要員情報'!BG36:BN36) -> 0 | W35: =SUM('案件．要員情報'!BO36:BV36) -> 0 | X35: =SUM('案件．要員情報'!BW36:CD36) -> 0 | Y35: =SUM('案件．要員情報'!CE36:CL36) -> 0 | Z35: =SUM('案件．要員情報'!CM36:CT36) -> 0 | AA35: =SUM(O35:Z35) -> 0.0041666667
A36: 16 | B36: 完了 | C36: その他 | D36: 髙木 | E36: PR17 | F36: PB00202057 | G36: 【見積依頼】4614_PB00202057_本人確認書類への「特定在留カード」等追加 | N36: 計画 | O36: =SUM('案件．要員情報'!O37:U37) -> 0 | P36: =SUM('案件．要員情報'!V37:AA37) -> 1.354386 | Q36: =SUM('案件．要員情報'!AB37:AG37) -> 0.75151515 | R36: =SUM('案件．要員情報'!AH37:AM37) -> 0 | S36: =SUM('案件．要員情報'!AN37:AS37) -> 0 | T36: =SUM('案件．要員情報'!AT37:AY37) -> 0 | U36: =SUM('案件．要員情報'!AZ37:BF37) -> 0 | V36: =SUM('案件．要員情報'!BG37:BN37) -> 0 | W36: =SUM('案件．要員情報'!BO37:BV37) -> 0 | X36: =SUM('案件．要員情報'!BW37:CD37) -> 0 | Y36: =SUM('案件．要員情報'!CE37:CL37) -> 0 | Z36: =SUM('案件．要員情報'!CM37:CT37) -> 0 | AA36: =SUM(O36:Z36) -> 2.1059011
N37: 実績 | O37: =SUM('案件．要員情報'!O38:U38) -> 0 | P37: =SUM('案件．要員情報'!V38:AA38) -> 1.2982456 | Q37: =SUM('案件．要員情報'!AB38:AG38) -> 0.70606061 | R37: =SUM('案件．要員情報'!AH38:AM38) -> 0 | S37: =SUM('案件．要員情報'!AN38:AS38) -> 0 | T37: =SUM('案件．要員情報'!AT38:AY38) -> 0 | U37: =SUM('案件．要員情報'!AZ38:BF38) -> 0 | V37: =SUM('案件．要員情報'!BG38:BN38) -> 0 | W37: =SUM('案件．要員情報'!BO38:BV38) -> 0 | X37: =SUM('案件．要員情報'!BW38:CD38) -> 0 | Y37: =SUM('案件．要員情報'!CE38:CL38) -> 0 | Z37: =SUM('案件．要員情報'!CM38:CT38) -> 0 | AA37: =SUM(O37:Z37) -> 2.0043062
A38: 17 | B38: 完了 | C38: その他 | D38: 仲井 | E38: BT8 | F38: PBxxxxxxxx | G38: 【WB4】【開発案件】4665_PBxxxxxxxx_(0D,46)不要な監視抑止対応 | N38: 計画 | O38: =SUM('案件．要員情報'!O39:U39) -> 0 | P38: =SUM('案件．要員情報'!V39:AA39) -> 0.50526316 | Q38: =SUM('案件．要員情報'!AB39:AG39) -> 0.40606061 | R38: =SUM('案件．要員情報'!AH39:AM39) -> 0.42424242 | S38: =SUM('案件．要員情報'!AN39:AS39) -> 0.0063492063 | T38: =SUM('案件．要員情報'!AT39:AY39) -> 0.13939394 | U38: =SUM('案件．要員情報'!AZ39:BF39) -> 0 | V38: =SUM('案件．要員情報'!BG39:BN39) -> 0 | W38: =SUM('案件．要員情報'!BO39:BV39) -> 0 | X38: =SUM('案件．要員情報'!BW39:CD39) -> 0 | Y38: =SUM('案件．要員情報'!CE39:CL39) -> 0 | Z38: =SUM('案件．要員情報'!CM39:CT39) -> 0 | AA38: =SUM(O38:Z38) -> 1.4813093
N39: 実績 | O39: =SUM('案件．要員情報'!O40:U40) -> 0 | P39: =SUM('案件．要員情報'!V40:AA40) -> 0.44912281 | Q39: =SUM('案件．要員情報'!AB40:AG40) -> 0.30606061 | R39: =SUM('案件．要員情報'!AH40:AM40) -> 0.40454545 | S39: =SUM('案件．要員情報'!AN40:AS40) -> 0.0031746032 | T39: =SUM('案件．要員情報'!AT40:AY40) -> 0.12121212 | U39: =SUM('案件．要員情報'!AZ40:BF40) -> 0 | V39: =SUM('案件．要員情報'!BG40:BN40) -> 0 | W39: =SUM('案件．要員情報'!BO40:BV40) -> 0 | X39: =SUM('案件．要員情報'!BW40:CD40) -> 0 | Y39: =SUM('案件．要員情報'!CE40:CL40) -> 0 | Z39: =SUM('案件．要員情報'!CM40:CT40) -> 0 | AA39: =SUM(O39:Z39) -> 1.2841156
A40: 18 | B40: 着手中 | C40: その他 | D40: 梶 | E40: SFA11 | G40: 【SFA】【開発依頼】0G_面談記録表（SFA）バージョンアップ対応 | N40: 計画 | O40: =SUM('案件．要員情報'!O41:U41) -> 0 | P40: =SUM('案件．要員情報'!V41:AA41) -> 0.54736842 | Q40: =SUM('案件．要員情報'!AB41:AG41) -> 1.6484848 | R40: =SUM('案件．要員情報'!AH41:AM41) -> 1.3757576 | S40: =SUM('案件．要員情報'!AN41:AS41) -> 1.752381 | T40: =SUM('案件．要員情報'!AT41:AY41) -> 1.0606061 | U40: =SUM('案件．要員情報'!AZ41:BF41) -> 0.18 | V40: =SUM('案件．要員情報'!BG41:BN41) -> 0 | W40: =SUM('案件．要員情報'!BO41:BV41) -> 0 | X40: =SUM('案件．要員情報'!BW41:CD41) -> 0 | Y40: =SUM('案件．要員情報'!CE41:CL41) -> 0 | Z40: =SUM('案件．要員情報'!CM41:CT41) -> 0 | AA40: =SUM(O40:Z40) -> 6.5645979
N41: 実績 | O41: =SUM('案件．要員情報'!O42:U42) -> 0 | P41: =SUM('案件．要員情報'!V42:AA42) -> 0.45614035 | Q41: =SUM('案件．要員情報'!AB42:AG42) -> 1.6181818 | R41: =SUM('案件．要員情報'!AH42:AM42) -> 1.3545455 | S41: =SUM('案件．要員情報'!AN42:AS42) -> 1.7507937 | T41: =SUM('案件．要員情報'!AT42:AY42) -> 1.0348485 | U41: =SUM('案件．要員情報'!AZ42:BF42) -> 0.10666667 | V41: =SUM('案件．要員情報'!BG42:BN42) -> 0 | W41: =SUM('案件．要員情報'!BO42:BV42) -> 0 | X41: =SUM('案件．要員情報'!BW42:CD42) -> 0 | Y41: =SUM('案件．要員情報'!CE42:CL42) -> 0 | Z41: =SUM('案件．要員情報'!CM42:CT42) -> 0 | AA41: =SUM(O41:Z41) -> 6.3211764
A42: 19 | B42: 完了 | C42: 定型 | D42: 邵 | E42: F206 | F42: PB00202128 | G42: PB00202128_【定型】目論見書閲覧画面の文言追加対応 | N42: 計画 | O42: =SUM('案件．要員情報'!O43:U43) -> 0 | P42: =SUM('案件．要員情報'!V43:AA43) -> 0.14035088 | Q42: =SUM('案件．要員情報'!AB43:AG43) -> 0.060606061 | R42: =SUM('案件．要員情報'!AH43:AM43) -> 0 | S42: =SUM('案件．要員情報'!AN43:AS43) -> 0 | T42: =SUM('案件．要員情報'!AT43:AY43) -> 0 | U42: =SUM('案件．要員情報'!AZ43:BF43) -> 0 | V42: =SUM('案件．要員情報'!BG43:BN43) -> 0 | W42: =SUM('案件．要員情報'!BO43:BV43) -> 0 | X42: =SUM('案件．要員情報'!BW43:CD43) -> 0 | Y42: =SUM('案件．要員情報'!CE43:CL43) -> 0 | Z42: =SUM('案件．要員情報'!CM43:CT43) -> 0 | AA42: =SUM(O42:Z42) -> 0.20095694
N43: 実績 | O43: =SUM('案件．要員情報'!O44:U44) -> 0 | P43: =SUM('案件．要員情報'!V44:AA44) -> 0.10526316 | Q43: =SUM('案件．要員情報'!AB44:AG44) -> 0.060606061 | R43: =SUM('案件．要員情報'!AH44:AM44) -> 0 | S43: =SUM('案件．要員情報'!AN44:AS44) -> 0 | T43: =SUM('案件．要員情報'!AT44:AY44) -> 0 | U43: =SUM('案件．要員情報'!AZ44:BF44) -> 0 | V43: =SUM('案件．要員情報'!BG44:BN44) -> 0 | W43: =SUM('案件．要員情報'!BO44:BV44) -> 0 | X43: =SUM('案件．要員情報'!BW44:CD44) -> 0 | Y43: =SUM('案件．要員情報'!CE44:CL44) -> 0 | Z43: =SUM('案件．要員情報'!CM44:CT44) -> 0 | AA43: =SUM(O43:Z43) -> 0.16586922
A44: 20 | B44: 完了 | C44: その他 | D44: 邵 | E44: IC1 | F44: PBxxxxxxxx | G44: 【調査依頼】4685_PBxxxxxxxx_(52)FISフェイルオーバー時の再接続に関する調査依頼 | N44: 計画 | O44: =SUM('案件．要員情報'!O45:U45) -> 0 | P44: =SUM('案件．要員情報'!V45:AA45) -> 0 | Q44: =SUM('案件．要員情報'!AB45:AG45) -> 0.12121212 | R44: =SUM('案件．要員情報'!AH45:AM45) -> 0 | S44: =SUM('案件．要員情報'!AN45:AS45) -> 0 | T44: =SUM('案件．要員情報'!AT45:AY45) -> 0 | U44: =SUM('案件．要員情報'!AZ45:BF45) -> 0 | V44: =SUM('案件．要員情報'!BG45:BN45) -> 0 | W44: =SUM('案件．要員情報'!BO45:BV45) -> 0 | X44: =SUM('案件．要員情報'!BW45:CD45) -> 0 | Y44: =SUM('案件．要員情報'!CE45:CL45) -> 0 | Z44: =SUM('案件．要員情報'!CM45:CT45) -> 0 | AA44: =SUM(O44:Z44) -> 0.12121212
N45: 実績 | O45: =SUM('案件．要員情報'!O46:U46) -> 0 | P45: =SUM('案件．要員情報'!V46:AA46) -> 0 | Q45: =SUM('案件．要員情報'!AB46:AG46) -> 0.090909091 | R45: =SUM('案件．要員情報'!AH46:AM46) -> 0 | S45: =SUM('案件．要員情報'!AN46:AS46) -> 0 | T45: =SUM('案件．要員情報'!AT46:AY46) -> 0 | U45: =SUM('案件．要員情報'!AZ46:BF46) -> 0 | V45: =SUM('案件．要員情報'!BG46:BN46) -> 0 | W45: =SUM('案件．要員情報'!BO46:BV46) -> 0 | X45: =SUM('案件．要員情報'!BW46:CD46) -> 0 | Y45: =SUM('案件．要員情報'!CE46:CL46) -> 0 | Z45: =SUM('案件．要員情報'!CM46:CT46) -> 0 | AA45: =SUM(O45:Z45) -> 0.090909091
A46: 21 | B46: 完了 | C46: その他 | D46: 坂野 | E46: EPM15 | G46: 【対応依頼】【EPM】(0D)レポーティング権限開放(WB4顧客セキュリティ設定リスト) | N46: 計画 | O46: =SUM('案件．要員情報'!O47:U47) -> 0 | P46: =SUM('案件．要員情報'!V47:AA47) -> 0 | Q46: =SUM('案件．要員情報'!AB47:AG47) -> 0.15151515 | R46: =SUM('案件．要員情報'!AH47:AM47) -> 0 | S46: =SUM('案件．要員情報'!AN47:AS47) -> 0 | T46: =SUM('案件．要員情報'!AT47:AY47) -> 0 | U46: =SUM('案件．要員情報'!AZ47:BF47) -> 0 | V46: =SUM('案件．要員情報'!BG47:BN47) -> 0 | W46: =SUM('案件．要員情報'!BO47:BV47) -> 0 | X46: =SUM('案件．要員情報'!BW47:CD47) -> 0 | Y46: =SUM('案件．要員情報'!CE47:CL47) -> 0 | Z46: =SUM('案件．要員情報'!CM47:CT47) -> 0 | AA46: =SUM(O46:Z46) -> 0.15151515
N47: 実績 | O47: =SUM('案件．要員情報'!O48:U48) -> 0 | P47: =SUM('案件．要員情報'!V48:AA48) -> 0 | Q47: =SUM('案件．要員情報'!AB48:AG48) -> 0.12121212 | R47: =SUM('案件．要員情報'!AH48:AM48) -> 0 | S47: =SUM('案件．要員情報'!AN48:AS48) -> 0 | T47: =SUM('案件．要員情報'!AT48:AY48) -> 0 | U47: =SUM('案件．要員情報'!AZ48:BF48) -> 0 | V47: =SUM('案件．要員情報'!BG48:BN48) -> 0 | W47: =SUM('案件．要員情報'!BO48:BV48) -> 0 | X47: =SUM('案件．要員情報'!BW48:CD48) -> 0 | Y47: =SUM('案件．要員情報'!CE48:CL48) -> 0 | Z47: =SUM('案件．要員情報'!CM48:CT48) -> 0 | AA47: =SUM(O47:Z47) -> 0.12121212
A48: 22 | B48: 完了 | C48: その他 | D48: 土井 | E48: PR18 | G48: 【開発依頼】【LISA】【1V254導入対応】(1V254)SONAR導入対応 | N48: 計画 | O48: =SUM('案件．要員情報'!O49:U49) -> 0 | P48: =SUM('案件．要員情報'!V49:AA49) -> 0 | Q48: =SUM('案件．要員情報'!AB49:AG49) -> 0.43636364 | R48: =SUM('案件．要員情報'!AH49:AM49) -> 0.50909091 | S48: =SUM('案件．要員情報'!AN49:AS49) -> 0 | T48: =SUM('案件．要員情報'!AT49:AY49) -> 0.03030303 | U48: =SUM('案件．要員情報'!AZ49:BF49) -> 0 | V48: =SUM('案件．要員情報'!BG49:BN49) -> 0 | W48: =SUM('案件．要員情報'!BO49:BV49) -> 0 | X48: =SUM('案件．要員情報'!BW49:CD49) -> 0 | Y48: =SUM('案件．要員情報'!CE49:CL49) -> 0 | Z48: =SUM('案件．要員情報'!CM49:CT49) -> 0 | AA48: =SUM(O48:Z48) -> 0.97575758
N49: 実績 | O49: =SUM('案件．要員情報'!O50:U50) -> 0 | P49: =SUM('案件．要員情報'!V50:AA50) -> 0 | Q49: =SUM('案件．要員情報'!AB50:AG50) -> 0.42121212 | R49: =SUM('案件．要員情報'!AH50:AM50) -> 0.48636364 | S49: =SUM('案件．要員情報'!AN50:AS50) -> 0 | T49: =SUM('案件．要員情報'!AT50:AY50) -> 0.03030303 | U49: =SUM('案件．要員情報'!AZ50:BF50) -> 0 | V49: =SUM('案件．要員情報'!BG50:BN50) -> 0 | W49: =SUM('案件．要員情報'!BO50:BV50) -> 0 | X49: =SUM('案件．要員情報'!BW50:CD50) -> 0 | Y49: =SUM('案件．要員情報'!CE50:CL50) -> 0 | Z49: =SUM('案件．要員情報'!CM50:CT50) -> 0 | AA49: =SUM(O49:Z49) -> 0.93787879
A50: 23 | B50: 着手中 | C50: その他 | D50: 田中 | E50: BT9 | F50: PBxxxxxxxx | G50: 【開発依頼】4720_PBxxxxxxxx_【保守】デーモン停止チェック漏れ改善 | N50: 計画 | O50: =SUM('案件．要員情報'!O51:U51) -> 0 | P50: =SUM('案件．要員情報'!V51:AA51) -> 0 | Q50: =SUM('案件．要員情報'!AB51:AG51) -> 0.12121212 | R50: =SUM('案件．要員情報'!AH51:AM51) -> 0.44242424 | S50: =SUM('案件．要員情報'!AN51:AS51) -> 0.53968254 | T50: =SUM('案件．要員情報'!AT51:AY51) -> 0.83030303 | U50: =SUM('案件．要員情報'!AZ51:BF51) -> 0.18 | V50: =SUM('案件．要員情報'!BG51:BN51) -> 0 | W50: =SUM('案件．要員情報'!BO51:BV51) -> 0 | X50: =SUM('案件．要員情報'!BW51:CD51) -> 0 | Y50: =SUM('案件．要員情報'!CE51:CL51) -> 0 | Z50: =SUM('案件．要員情報'!CM51:CT51) -> 0 | AA50: =SUM(O50:Z50) -> 2.1136219
N51: 実績 | O51: =SUM('案件．要員情報'!O52:U52) -> 0 | P51: =SUM('案件．要員情報'!V52:AA52) -> 0 | Q51: =SUM('案件．要員情報'!AB52:AG52) -> 0.10909091 | R51: =SUM('案件．要員情報'!AH52:AM52) -> 0.40909091 | S51: =SUM('案件．要員情報'!AN52:AS52) -> 0.52857143 | T51: =SUM('案件．要員情報'!AT52:AY52) -> 0.81212121 | U51: =SUM('案件．要員情報'!AZ52:BF52) -> 0.21666667 | V51: =SUM('案件．要員情報'!BG52:BN52) -> 0 | W51: =SUM('案件．要員情報'!BO52:BV52) -> 0 | X51: =SUM('案件．要員情報'!BW52:CD52) -> 0 | Y51: =SUM('案件．要員情報'!CE52:CL52) -> 0 | Z51: =SUM('案件．要員情報'!CM52:CT52) -> 0 | AA51: =SUM(O51:Z51) -> 2.0755411
A52: 24 | B52: 完了 | C52: 定型 | D52: 邵 | E52: F207 | F52: PB00202157 | G52: PB00202157_【定型】(46)外国株式ハードリミット設定依頼 | N52: 計画 | O52: =SUM('案件．要員情報'!O53:U53) -> 0 | P52: =SUM('案件．要員情報'!V53:AA53) -> 0 | Q52: =SUM('案件．要員情報'!AB53:AG53) -> 0 | R52: =SUM('案件．要員情報'!AH53:AM53) -> 0.13333333 | S52: =SUM('案件．要員情報'!AN53:AS53) -> 0 | T52: =SUM('案件．要員情報'!AT53:AY53) -> 0 | U52: =SUM('案件．要員情報'!AZ53:BF53) -> 0 | V52: =SUM('案件．要員情報'!BG53:BN53) -> 0 | W52: =SUM('案件．要員情報'!BO53:BV53) -> 0 | X52: =SUM('案件．要員情報'!BW53:CD53) -> 0 | Y52: =SUM('案件．要員情報'!CE53:CL53) -> 0 | Z52: =SUM('案件．要員情報'!CM53:CT53) -> 0 | AA52: =SUM(O52:Z52) -> 0.13333333
N53: 実績 | O53: =SUM('案件．要員情報'!O54:U54) -> 0 | P53: =SUM('案件．要員情報'!V54:AA54) -> 0 | Q53: =SUM('案件．要員情報'!AB54:AG54) -> 0 | R53: =SUM('案件．要員情報'!AH54:AM54) -> 0.12575758 | S53: =SUM('案件．要員情報'!AN54:AS54) -> 0 | T53: =SUM('案件．要員情報'!AT54:AY54) -> 0 | U53: =SUM('案件．要員情報'!AZ54:BF54) -> 0 | V53: =SUM('案件．要員情報'!BG54:BN54) -> 0 | W53: =SUM('案件．要員情報'!BO54:BV54) -> 0 | X53: =SUM('案件．要員情報'!BW54:CD54) -> 0 | Y53: =SUM('案件．要員情報'!CE54:CL54) -> 0 | Z53: =SUM('案件．要員情報'!CM54:CT54) -> 0 | AA53: =SUM(O53:Z53) -> 0.12575758
A54: 25 | B54: 完了 | C54: 定型 | D54: 山田 | E54: F208 | F54: PB00202159 | G54: PB00202159_【定型】顧客情報入力画面リンク先変更 | N54: 計画 | O54: =SUM('案件．要員情報'!O55:U55) -> 0 | P54: =SUM('案件．要員情報'!V55:AA55) -> 0 | Q54: =SUM('案件．要員情報'!AB55:AG55) -> 0 | R54: =SUM('案件．要員情報'!AH55:AM55) -> 0.12727273 | S54: =SUM('案件．要員情報'!AN55:AS55) -> 0 | T54: =SUM('案件．要員情報'!AT55:AY55) -> 0 | U54: =SUM('案件．要員情報'!AZ55:BF55) -> 0 | V54: =SUM('案件．要員情報'!BG55:BN55) -> 0 | W54: =SUM('案件．要員情報'!BO55:BV55) -> 0 | X54: =SUM('案件．要員情報'!BW55:CD55) -> 0 | Y54: =SUM('案件．要員情報'!CE55:CL55) -> 0 | Z54: =SUM('案件．要員情報'!CM55:CT55) -> 0 | AA54: =SUM(O54:Z54) -> 0.12727273
N55: 実績 | O55: =SUM('案件．要員情報'!O56:U56) -> 0 | P55: =SUM('案件．要員情報'!V56:AA56) -> 0 | Q55: =SUM('案件．要員情報'!AB56:AG56) -> 0 | R55: =SUM('案件．要員情報'!AH56:AM56) -> 0.10757576 | S55: =SUM('案件．要員情報'!AN56:AS56) -> 0 | T55: =SUM('案件．要員情報'!AT56:AY56) -> 0 | U55: =SUM('案件．要員情報'!AZ56:BF56) -> 0 | V55: =SUM('案件．要員情報'!BG56:BN56) -> 0 | W55: =SUM('案件．要員情報'!BO56:BV56) -> 0 | X55: =SUM('案件．要員情報'!BW56:CD56) -> 0 | Y55: =SUM('案件．要員情報'!CE56:CL56) -> 0 | Z55: =SUM('案件．要員情報'!CM56:CT56) -> 0 | AA55: =SUM(O55:Z55) -> 0.10757576
A56: 26 | B56: 完了 | C56: その他 | D56: 藤白 | E56: PL8 | G56: 【PLATE】【作業依頼】PLATE画面修正(C8202) | N56: 計画 | O56: =SUM('案件．要員情報'!O57:U57) -> 0 | P56: =SUM('案件．要員情報'!V57:AA57) -> 0 | Q56: =SUM('案件．要員情報'!AB57:AG57) -> 0 | R56: =SUM('案件．要員情報'!AH57:AM57) -> 0.21212121 | S56: =SUM('案件．要員情報'!AN57:AS57) -> 0 | T56: =SUM('案件．要員情報'!AT57:AY57) -> 0 | U56: =SUM('案件．要員情報'!AZ57:BF57) -> 0 | V56: =SUM('案件．要員情報'!BG57:BN57) -> 0 | W56: =SUM('案件．要員情報'!BO57:BV57) -> 0 | X56: =SUM('案件．要員情報'!BW57:CD57) -> 0 | Y56: =SUM('案件．要員情報'!CE57:CL57) -> 0 | Z56: =SUM('案件．要員情報'!CM57:CT57) -> 0 | AA56: =SUM(O56:Z56) -> 0.21212121
N57: 実績 | O57: =SUM('案件．要員情報'!O58:U58) -> 0 | P57: =SUM('案件．要員情報'!V58:AA58) -> 0 | Q57: =SUM('案件．要員情報'!AB58:AG58) -> 0 | R57: =SUM('案件．要員情報'!AH58:AM58) -> 0.2030303 | S57: =SUM('案件．要員情報'!AN58:AS58) -> 0 | T57: =SUM('案件．要員情報'!AT58:AY58) -> 0 | U57: =SUM('案件．要員情報'!AZ58:BF58) -> 0 | V57: =SUM('案件．要員情報'!BG58:BN58) -> 0 | W57: =SUM('案件．要員情報'!BO58:BV58) -> 0 | X57: =SUM('案件．要員情報'!BW58:CD58) -> 0 | Y57: =SUM('案件．要員情報'!CE58:CL58) -> 0 | Z57: =SUM('案件．要員情報'!CM58:CT58) -> 0 | AA57: =SUM(O57:Z57) -> 0.2030303
A58: 27 | B58: 完了 | C58: その他 | D58: 鈴木 | E58: EPM16 | G58: 【EPM2】【開発依頼】HULFT管理台帳(WB4-EPM)アップデート | N58: 計画 | O58: =SUM('案件．要員情報'!O59:U59) -> 0 | P58: =SUM('案件．要員情報'!V59:AA59) -> 0 | Q58: =SUM('案件．要員情報'!AB59:AG59) -> 0 | R58: =SUM('案件．要員情報'!AH59:AM59) -> 0.13939394 | S58: =SUM('案件．要員情報'!AN59:AS59) -> 0 | T58: =SUM('案件．要員情報'!AT59:AY59) -> 0 | U58: =SUM('案件．要員情報'!AZ59:BF59) -> 0 | V58: =SUM('案件．要員情報'!BG59:BN59) -> 0 | W58: =SUM('案件．要員情報'!BO59:BV59) -> 0 | X58: =SUM('案件．要員情報'!BW59:CD59) -> 0 | Y58: =SUM('案件．要員情報'!CE59:CL59) -> 0 | Z58: =SUM('案件．要員情報'!CM59:CT59) -> 0 | AA58: =SUM(O58:Z58) -> 0.13939394
N59: 実績 | O59: =SUM('案件．要員情報'!O60:U60) -> 0 | P59: =SUM('案件．要員情報'!V60:AA60) -> 0 | Q59: =SUM('案件．要員情報'!AB60:AG60) -> 0 | R59: =SUM('案件．要員情報'!AH60:AM60) -> 0.13030303 | S59: =SUM('案件．要員情報'!AN60:AS60) -> 0 | T59: =SUM('案件．要員情報'!AT60:AY60) -> 0 | U59: =SUM('案件．要員情報'!AZ60:BF60) -> 0 | V59: =SUM('案件．要員情報'!BG60:BN60) -> 0 | W59: =SUM('案件．要員情報'!BO60:BV60) -> 0 | X59: =SUM('案件．要員情報'!BW60:CD60) -> 0 | Y59: =SUM('案件．要員情報'!CE60:CL60) -> 0 | Z59: =SUM('案件．要員情報'!CM60:CT60) -> 0 | AA59: =SUM(O59:Z59) -> 0.13030303
A60: 28 | B60: 完了 | C60: その他 | D60: 德永 | E60: AH30 | G60: 【WB4】【LBX】【調査依頼】xxxx_PBxxxxxxxx_ライブラリ一覧作成 | N60: 計画 | O60: =SUM('案件．要員情報'!O61:U61) -> 0 | P60: =SUM('案件．要員情報'!V61:AA61) -> 0 | Q60: =SUM('案件．要員情報'!AB61:AG61) -> 0 | R60: =SUM('案件．要員情報'!AH61:AM61) -> 0.12121212 | S60: =SUM('案件．要員情報'!AN61:AS61) -> 0 | T60: =SUM('案件．要員情報'!AT61:AY61) -> 0 | U60: =SUM('案件．要員情報'!AZ61:BF61) -> 0 | V60: =SUM('案件．要員情報'!BG61:BN61) -> 0 | W60: =SUM('案件．要員情報'!BO61:BV61) -> 0 | X60: =SUM('案件．要員情報'!BW61:CD61) -> 0 | Y60: =SUM('案件．要員情報'!CE61:CL61) -> 0 | Z60: =SUM('案件．要員情報'!CM61:CT61) -> 0 | AA60: =SUM(O60:Z60) -> 0.12121212
N61: 実績 | O61: =SUM('案件．要員情報'!O62:U62) -> 0 | P61: =SUM('案件．要員情報'!V62:AA62) -> 0 | Q61: =SUM('案件．要員情報'!AB62:AG62) -> 0 | R61: =SUM('案件．要員情報'!AH62:AM62) -> 0.12121212 | S61: =SUM('案件．要員情報'!AN62:AS62) -> 0 | T61: =SUM('案件．要員情報'!AT62:AY62) -> 0 | U61: =SUM('案件．要員情報'!AZ62:BF62) -> 0 | V61: =SUM('案件．要員情報'!BG62:BN62) -> 0 | W61: =SUM('案件．要員情報'!BO62:BV62) -> 0 | X61: =SUM('案件．要員情報'!BW62:CD62) -> 0 | Y61: =SUM('案件．要員情報'!CE62:CL62) -> 0 | Z61: =SUM('案件．要員情報'!CM62:CT62) -> 0 | AA61: =SUM(O61:Z61) -> 0.12121212
A62: 29 | B62: 完了 | C62: その他 | D62: 関谷 | E62: EPM17 | G62: 【EPM】【作業依頼】4733_PB00202160_(14)＜#20973＞【調査依頼】売買審査データ連携状況確認（2026年） | N62: 計画 | O62: =SUM('案件．要員情報'!O63:U63) -> 0 | P62: =SUM('案件．要員情報'!V63:AA63) -> 0 | Q62: =SUM('案件．要員情報'!AB63:AG63) -> 0 | R62: =SUM('案件．要員情報'!AH63:AM63) -> 0.38181818 | S62: =SUM('案件．要員情報'!AN63:AS63) -> 0.0063492063 | T62: =SUM('案件．要員情報'!AT63:AY63) -> 0 | U62: =SUM('案件．要員情報'!AZ63:BF63) -> 0 | V62: =SUM('案件．要員情報'!BG63:BN63) -> 0 | W62: =SUM('案件．要員情報'!BO63:BV63) -> 0 | X62: =SUM('案件．要員情報'!BW63:CD63) -> 0 | Y62: =SUM('案件．要員情報'!CE63:CL63) -> 0 | Z62: =SUM('案件．要員情報'!CM63:CT63) -> 0 | AA62: =SUM(O62:Z62) -> 0.38816739
N63: 実績 | O63: =SUM('案件．要員情報'!O64:U64) -> 0 | P63: =SUM('案件．要員情報'!V64:AA64) -> 0 | Q63: =SUM('案件．要員情報'!AB64:AG64) -> 0 | R63: =SUM('案件．要員情報'!AH64:AM64) -> 0.37424242 | S63: =SUM('案件．要員情報'!AN64:AS64) -> 0.0063492063 | T63: =SUM('案件．要員情報'!AT64:AY64) -> 0 | U63: =SUM('案件．要員情報'!AZ64:BF64) -> 0 | V63: =SUM('案件．要員情報'!BG64:BN64) -> 0 | W63: =SUM('案件．要員情報'!BO64:BV64) -> 0 | X63: =SUM('案件．要員情報'!BW64:CD64) -> 0 | Y63: =SUM('案件．要員情報'!CE64:CL64) -> 0 | Z63: =SUM('案件．要員情報'!CM64:CT64) -> 0 | AA63: =SUM(O63:Z63) -> 0.38059163
A64: 30 | B64: 完了 | C64: 定型 | D64: 山本 | E64: F209 | G64: PB00202161_【定型】パスキー未登録顧客（認証方法はパスキー）のログイン時のエラーメッセージ変更 | N64: 計画 | O64: =SUM('案件．要員情報'!O65:U65) -> 0 | P64: =SUM('案件．要員情報'!V65:AA65) -> 0 | Q64: =SUM('案件．要員情報'!AB65:AG65) -> 0 | R64: =SUM('案件．要員情報'!AH65:AM65) -> 0.084848485 | S64: =SUM('案件．要員情報'!AN65:AS65) -> 0 | T64: =SUM('案件．要員情報'!AT65:AY65) -> 0 | U64: =SUM('案件．要員情報'!AZ65:BF65) -> 0 | V64: =SUM('案件．要員情報'!BG65:BN65) -> 0 | W64: =SUM('案件．要員情報'!BO65:BV65) -> 0 | X64: =SUM('案件．要員情報'!BW65:CD65) -> 0 | Y64: =SUM('案件．要員情報'!CE65:CL65) -> 0 | Z64: =SUM('案件．要員情報'!CM65:CT65) -> 0 | AA64: =SUM(O64:Z64) -> 0.084848485
N65: 実績 | O65: =SUM('案件．要員情報'!O66:U66) -> 0 | P65: =SUM('案件．要員情報'!V66:AA66) -> 0 | Q65: =SUM('案件．要員情報'!AB66:AG66) -> 0 | R65: =SUM('案件．要員情報'!AH66:AM66) -> 0.077272727 | S65: =SUM('案件．要員情報'!AN66:AS66) -> 0 | T65: =SUM('案件．要員情報'!AT66:AY66) -> 0 | U65: =SUM('案件．要員情報'!AZ66:BF66) -> 0 | V65: =SUM('案件．要員情報'!BG66:BN66) -> 0 | W65: =SUM('案件．要員情報'!BO66:BV66) -> 0 | X65: =SUM('案件．要員情報'!BW66:CD66) -> 0 | Y65: =SUM('案件．要員情報'!CE66:CL66) -> 0 | Z65: =SUM('案件．要員情報'!CM66:CT66) -> 0 | AA65: =SUM(O65:Z65) -> 0.077272727
A66: 31 | B66: 完了 | C66: 定型 | D66: 安藤 | E66: F210 | F66: PB00202162 | G66: PB00202162_【定型】多要素認証設定変更画面 | N66: 計画 | O66: =SUM('案件．要員情報'!O67:U67) -> 0 | P66: =SUM('案件．要員情報'!V67:AA67) -> 0 | Q66: =SUM('案件．要員情報'!AB67:AG67) -> 0 | R66: =SUM('案件．要員情報'!AH67:AM67) -> 0.1030303 | S66: =SUM('案件．要員情報'!AN67:AS67) -> 0 | T66: =SUM('案件．要員情報'!AT67:AY67) -> 0 | U66: =SUM('案件．要員情報'!AZ67:BF67) -> 0 | V66: =SUM('案件．要員情報'!BG67:BN67) -> 0 | W66: =SUM('案件．要員情報'!BO67:BV67) -> 0 | X66: =SUM('案件．要員情報'!BW67:CD67) -> 0 | Y66: =SUM('案件．要員情報'!CE67:CL67) -> 0 | Z66: =SUM('案件．要員情報'!CM67:CT67) -> 0 | AA66: =SUM(O66:Z66) -> 0.1030303
N67: 実績 | O67: =SUM('案件．要員情報'!O68:U68) -> 0 | P67: =SUM('案件．要員情報'!V68:AA68) -> 0 | Q67: =SUM('案件．要員情報'!AB68:AG68) -> 0 | R67: =SUM('案件．要員情報'!AH68:AM68) -> 0.092424242 | S67: =SUM('案件．要員情報'!AN68:AS68) -> 0 | T67: =SUM('案件．要員情報'!AT68:AY68) -> 0 | U67: =SUM('案件．要員情報'!AZ68:BF68) -> 0 | V67: =SUM('案件．要員情報'!BG68:BN68) -> 0 | W67: =SUM('案件．要員情報'!BO68:BV68) -> 0 | X67: =SUM('案件．要員情報'!BW68:CD68) -> 0 | Y67: =SUM('案件．要員情報'!CE68:CL68) -> 0 | Z67: =SUM('案件．要員情報'!CM68:CT68) -> 0 | AA67: =SUM(O67:Z67) -> 0.092424242
A68: 32 | B68: 完了 | C68: 定型 | D68: 山田 | E68: F211 | F68: PB00202165 | G68: PB00202165_【定型】米国株注文画面への文言追加について | N68: 計画 | O68: =SUM('案件．要員情報'!O69:U69) -> 0 | P68: =SUM('案件．要員情報'!V69:AA69) -> 0 | Q68: =SUM('案件．要員情報'!AB69:AG69) -> 0 | R68: =SUM('案件．要員情報'!AH69:AM69) -> 0.15151515 | S68: =SUM('案件．要員情報'!AN69:AS69) -> 0 | T68: =SUM('案件．要員情報'!AT69:AY69) -> 0 | U68: =SUM('案件．要員情報'!AZ69:BF69) -> 0 | V68: =SUM('案件．要員情報'!BG69:BN69) -> 0 | W68: =SUM('案件．要員情報'!BO69:BV69) -> 0 | X68: =SUM('案件．要員情報'!BW69:CD69) -> 0 | Y68: =SUM('案件．要員情報'!CE69:CL69) -> 0 | Z68: =SUM('案件．要員情報'!CM69:CT69) -> 0 | AA68: =SUM(O68:Z68) -> 0.15151515
N69: 実績 | O69: =SUM('案件．要員情報'!O70:U70) -> 0 | P69: =SUM('案件．要員情報'!V70:AA70) -> 0 | Q69: =SUM('案件．要員情報'!AB70:AG70) -> 0 | R69: =SUM('案件．要員情報'!AH70:AM70) -> 0.14393939 | S69: =SUM('案件．要員情報'!AN70:AS70) -> 0 | T69: =SUM('案件．要員情報'!AT70:AY70) -> 0 | U69: =SUM('案件．要員情報'!AZ70:BF70) -> 0 | V69: =SUM('案件．要員情報'!BG70:BN70) -> 0 | W69: =SUM('案件．要員情報'!BO70:BV70) -> 0 | X69: =SUM('案件．要員情報'!BW70:CD70) -> 0 | Y69: =SUM('案件．要員情報'!CE70:CL70) -> 0 | Z69: =SUM('案件．要員情報'!CM70:CT70) -> 0 | AA69: =SUM(O69:Z69) -> 0.14393939
A70: 33 | B70: 完了 | C70: 定型 | D70: 仲井 | E70: F212 | F70: PB00202163 | G70: PB00202163_【定型】投資家サイトの注意文言追加 | N70: 計画 | O70: =SUM('案件．要員情報'!O71:U71) -> 0 | P70: =SUM('案件．要員情報'!V71:AA71) -> 0 | Q70: =SUM('案件．要員情報'!AB71:AG71) -> 0 | R70: =SUM('案件．要員情報'!AH71:AM71) -> 0.32121212 | S70: =SUM('案件．要員情報'!AN71:AS71) -> 0 | T70: =SUM('案件．要員情報'!AT71:AY71) -> 0 | U70: =SUM('案件．要員情報'!AZ71:BF71) -> 0 | V70: =SUM('案件．要員情報'!BG71:BN71) -> 0 | W70: =SUM('案件．要員情報'!BO71:BV71) -> 0 | X70: =SUM('案件．要員情報'!BW71:CD71) -> 0 | Y70: =SUM('案件．要員情報'!CE71:CL71) -> 0 | Z70: =SUM('案件．要員情報'!CM71:CT71) -> 0 | AA70: =SUM(O70:Z70) -> 0.32121212
N71: 実績 | O71: =SUM('案件．要員情報'!O72:U72) -> 0 | P71: =SUM('案件．要員情報'!V72:AA72) -> 0 | Q71: =SUM('案件．要員情報'!AB72:AG72) -> 0 | R71: =SUM('案件．要員情報'!AH72:AM72) -> 0.31212121 | S71: =SUM('案件．要員情報'!AN72:AS72) -> 0 | T71: =SUM('案件．要員情報'!AT72:AY72) -> 0 | U71: =SUM('案件．要員情報'!AZ72:BF72) -> 0 | V71: =SUM('案件．要員情報'!BG72:BN72) -> 0 | W71: =SUM('案件．要員情報'!BO72:BV72) -> 0 | X71: =SUM('案件．要員情報'!BW72:CD72) -> 0 | Y71: =SUM('案件．要員情報'!CE72:CL72) -> 0 | Z71: =SUM('案件．要員情報'!CM72:CT72) -> 0 | AA71: =SUM(O71:Z71) -> 0.31212121
A72: 34 | B72: 完了 | C72: 定型 | D72: 山本 | E72: F213 | F72: PB00202164 | G72: PB00202164_【定型】パスキー登録画面の表示テキストを追加希望 | N72: 計画 | O72: =SUM('案件．要員情報'!O73:U73) -> 0 | P72: =SUM('案件．要員情報'!V73:AA73) -> 0 | Q72: =SUM('案件．要員情報'!AB73:AG73) -> 0 | R72: =SUM('案件．要員情報'!AH73:AM73) -> 0.14545455 | S72: =SUM('案件．要員情報'!AN73:AS73) -> 0 | T72: =SUM('案件．要員情報'!AT73:AY73) -> 0 | U72: =SUM('案件．要員情報'!AZ73:BF73) -> 0 | V72: =SUM('案件．要員情報'!BG73:BN73) -> 0 | W72: =SUM('案件．要員情報'!BO73:BV73) -> 0 | X72: =SUM('案件．要員情報'!BW73:CD73) -> 0 | Y72: =SUM('案件．要員情報'!CE73:CL73) -> 0 | Z72: =SUM('案件．要員情報'!CM73:CT73) -> 0 | AA72: =SUM(O72:Z72) -> 0.14545455
N73: 実績 | O73: =SUM('案件．要員情報'!O74:U74) -> 0 | P73: =SUM('案件．要員情報'!V74:AA74) -> 0 | Q73: =SUM('案件．要員情報'!AB74:AG74) -> 0 | R73: =SUM('案件．要員情報'!AH74:AM74) -> 0.12575758 | S73: =SUM('案件．要員情報'!AN74:AS74) -> 0 | T73: =SUM('案件．要員情報'!AT74:AY74) -> 0 | U73: =SUM('案件．要員情報'!AZ74:BF74) -> 0 | V73: =SUM('案件．要員情報'!BG74:BN74) -> 0 | W73: =SUM('案件．要員情報'!BO74:BV74) -> 0 | X73: =SUM('案件．要員情報'!BW74:CD74) -> 0 | Y73: =SUM('案件．要員情報'!CE74:CL74) -> 0 | Z73: =SUM('案件．要員情報'!CM74:CT74) -> 0 | AA73: =SUM(O73:Z73) -> 0.12575758
A74: 35 | B74: 完了 | C74: その他 | D74: 富田 | E74: LS1 | F74: PB00202110 | G74: 【LISA】(15)社名変更案件への要員アサイン依頼 | N74: 計画 | O74: =SUM('案件．要員情報'!O75:U75) -> 0 | P74: =SUM('案件．要員情報'!V75:AA75) -> 0 | Q74: =SUM('案件．要員情報'!AB75:AG75) -> 0 | R74: =SUM('案件．要員情報'!AH75:AM75) -> 0.15757576 | S74: =SUM('案件．要員情報'!AN75:AS75) -> 0.1015873 | T74: =SUM('案件．要員情報'!AT75:AY75) -> 0 | U74: =SUM('案件．要員情報'!AZ75:BF75) -> 0 | V74: =SUM('案件．要員情報'!BG75:BN75) -> 0 | W74: =SUM('案件．要員情報'!BO75:BV75) -> 0 | X74: =SUM('案件．要員情報'!BW75:CD75) -> 0 | Y74: =SUM('案件．要員情報'!CE75:CL75) -> 0 | Z74: =SUM('案件．要員情報'!CM75:CT75) -> 0 | AA74: =SUM(O74:Z74) -> 0.25916306
N75: 実績 | O75: =SUM('案件．要員情報'!O76:U76) -> 0 | P75: =SUM('案件．要員情報'!V76:AA76) -> 0 | Q75: =SUM('案件．要員情報'!AB76:AG76) -> 0 | R75: =SUM('案件．要員情報'!AH76:AM76) -> 0.14848485 | S75: =SUM('案件．要員情報'!AN76:AS76) -> 0.096825397 | T75: =SUM('案件．要員情報'!AT76:AY76) -> 0 | U75: =SUM('案件．要員情報'!AZ76:BF76) -> 0 | V75: =SUM('案件．要員情報'!BG76:BN76) -> 0 | W75: =SUM('案件．要員情報'!BO76:BV76) -> 0 | X75: =SUM('案件．要員情報'!BW76:CD76) -> 0 | Y75: =SUM('案件．要員情報'!CE76:CL76) -> 0 | Z75: =SUM('案件．要員情報'!CM76:CT76) -> 0 | AA75: =SUM(O75:Z75) -> 0.24531025
A76: 36 | B76: 完了 | C76: 定型 | D76: 仲井 | E76: F214 | F76: PB00202171 | G76: 【定型】振替金融機関口座登録受付画面の保守対応 | N76: 計画 | O76: =SUM('案件．要員情報'!O77:U77) -> 0 | P76: =SUM('案件．要員情報'!V77:AA77) -> 0 | Q76: =SUM('案件．要員情報'!AB77:AG77) -> 0 | R76: =SUM('案件．要員情報'!AH77:AM77) -> 0.03030303 | S76: =SUM('案件．要員情報'!AN77:AS77) -> 0 | T76: =SUM('案件．要員情報'!AT77:AY77) -> 0 | U76: =SUM('案件．要員情報'!AZ77:BF77) -> 0 | V76: =SUM('案件．要員情報'!BG77:BN77) -> 0 | W76: =SUM('案件．要員情報'!BO77:BV77) -> 0 | X76: =SUM('案件．要員情報'!BW77:CD77) -> 0 | Y76: =SUM('案件．要員情報'!CE77:CL77) -> 0 | Z76: =SUM('案件．要員情報'!CM77:CT77) -> 0 | AA76: =SUM(O76:Z76) -> 0.03030303
N77: 実績 | O77: =SUM('案件．要員情報'!O78:U78) -> 0 | P77: =SUM('案件．要員情報'!V78:AA78) -> 0 | Q77: =SUM('案件．要員情報'!AB78:AG78) -> 0 | R77: =SUM('案件．要員情報'!AH78:AM78) -> 0.021212121 | S77: =SUM('案件．要員情報'!AN78:AS78) -> 0 | T77: =SUM('案件．要員情報'!AT78:AY78) -> 0 | U77: =SUM('案件．要員情報'!AZ78:BF78) -> 0 | V77: =SUM('案件．要員情報'!BG78:BN78) -> 0 | W77: =SUM('案件．要員情報'!BO78:BV78) -> 0 | X77: =SUM('案件．要員情報'!BW78:CD78) -> 0 | Y77: =SUM('案件．要員情報'!CE78:CL78) -> 0 | Z77: =SUM('案件．要員情報'!CM78:CT78) -> 0 | AA77: =SUM(O77:Z77) -> 0.021212121
A78: 37 | B78: 完了 | C78: その他 | D78: 鈴木 | E78: EPM18 | G78: 【EPM2】【作業依頼】2GB超え帳票の調査 7月分 | N78: 計画 | O78: =SUM('案件．要員情報'!O79:U79) -> 0 | P78: =SUM('案件．要員情報'!V79:AA79) -> 0 | Q78: =SUM('案件．要員情報'!AB79:AG79) -> 0 | R78: =SUM('案件．要員情報'!AH79:AM79) -> 0.042424242 | S78: =SUM('案件．要員情報'!AN79:AS79) -> 0 | T78: =SUM('案件．要員情報'!AT79:AY79) -> 0 | U78: =SUM('案件．要員情報'!AZ79:BF79) -> 0 | V78: =SUM('案件．要員情報'!BG79:BN79) -> 0 | W78: =SUM('案件．要員情報'!BO79:BV79) -> 0 | X78: =SUM('案件．要員情報'!BW79:CD79) -> 0 | Y78: =SUM('案件．要員情報'!CE79:CL79) -> 0 | Z78: =SUM('案件．要員情報'!CM79:CT79) -> 0 | AA78: =SUM(O78:Z78) -> 0.042424242
N79: 実績 | O79: =SUM('案件．要員情報'!O80:U80) -> 0 | P79: =SUM('案件．要員情報'!V80:AA80) -> 0 | Q79: =SUM('案件．要員情報'!AB80:AG80) -> 0 | R79: =SUM('案件．要員情報'!AH80:AM80) -> 0.037878788 | S79: =SUM('案件．要員情報'!AN80:AS80) -> 0 | T79: =SUM('案件．要員情報'!AT80:AY80) -> 0 | U79: =SUM('案件．要員情報'!AZ80:BF80) -> 0 | V79: =SUM('案件．要員情報'!BG80:BN80) -> 0 | W79: =SUM('案件．要員情報'!BO80:BV80) -> 0 | X79: =SUM('案件．要員情報'!BW80:CD80) -> 0 | Y79: =SUM('案件．要員情報'!CE80:CL80) -> 0 | Z79: =SUM('案件．要員情報'!CM80:CT80) -> 0 | AA79: =SUM(O79:Z79) -> 0.037878788
A80: 38 | B80: 完了 | C80: その他 | D80: 坂野 | E80: PL9 | G80: 【依頼】PLETE画面マニュアル更新依頼（GI609） | N80: 計画 | O80: =SUM('案件．要員情報'!O81:U81) -> 0 | P80: =SUM('案件．要員情報'!V81:AA81) -> 0 | Q80: =SUM('案件．要員情報'!AB81:AG81) -> 0 | R80: =SUM('案件．要員情報'!AH81:AM81) -> 0.060606061 | S80: =SUM('案件．要員情報'!AN81:AS81) -> 0 | T80: =SUM('案件．要員情報'!AT81:AY81) -> 0 | U80: =SUM('案件．要員情報'!AZ81:BF81) -> 0 | V80: =SUM('案件．要員情報'!BG81:BN81) -> 0 | W80: =SUM('案件．要員情報'!BO81:BV81) -> 0 | X80: =SUM('案件．要員情報'!BW81:CD81) -> 0 | Y80: =SUM('案件．要員情報'!CE81:CL81) -> 0 | Z80: =SUM('案件．要員情報'!CM81:CT81) -> 0 | AA80: =SUM(O80:Z80) -> 0.060606061
N81: 実績 | O81: =SUM('案件．要員情報'!O82:U82) -> 0 | P81: =SUM('案件．要員情報'!V82:AA82) -> 0 | Q81: =SUM('案件．要員情報'!AB82:AG82) -> 0 | R81: =SUM('案件．要員情報'!AH82:AM82) -> 0.059090909 | S81: =SUM('案件．要員情報'!AN82:AS82) -> 0 | T81: =SUM('案件．要員情報'!AT82:AY82) -> 0 | U81: =SUM('案件．要員情報'!AZ82:BF82) -> 0 | V81: =SUM('案件．要員情報'!BG82:BN82) -> 0 | W81: =SUM('案件．要員情報'!BO82:BV82) -> 0 | X81: =SUM('案件．要員情報'!BW82:CD82) -> 0 | Y81: =SUM('案件．要員情報'!CE82:CL82) -> 0 | Z81: =SUM('案件．要員情報'!CM82:CT82) -> 0 | AA81: =SUM(O81:Z81) -> 0.059090909
A82: 39 | B82: 着手中 | C82: その他 | D82: 山田 | E82: WA7 | G82: 【WB4】【開発依頼】【他社展開】UPDATE資料作成効率化 | N82: 計画 | O82: =SUM('案件．要員情報'!O83:U83) -> 0 | P82: =SUM('案件．要員情報'!V83:AA83) -> 0 | Q82: =SUM('案件．要員情報'!AB83:AG83) -> 0 | R82: =SUM('案件．要員情報'!AH83:AM83) -> 0.024242424 | S82: =SUM('案件．要員情報'!AN83:AS83) -> 0.71111111 | T82: =SUM('案件．要員情報'!AT83:AY83) -> 0.81212121 | U82: =SUM('案件．要員情報'!AZ83:BF83) -> 0.18 | V82: =SUM('案件．要員情報'!BG83:BN83) -> 0 | W82: =SUM('案件．要員情報'!BO83:BV83) -> 0 | X82: =SUM('案件．要員情報'!BW83:CD83) -> 0 | Y82: =SUM('案件．要員情報'!CE83:CL83) -> 0 | Z82: =SUM('案件．要員情報'!CM83:CT83) -> 0 | AA82: =SUM(O82:Z82) -> 1.7274747
N83: 実績 | O83: =SUM('案件．要員情報'!O84:U84) -> 0 | P83: =SUM('案件．要員情報'!V84:AA84) -> 0 | Q83: =SUM('案件．要員情報'!AB84:AG84) -> 0 | R83: =SUM('案件．要員情報'!AH84:AM84) -> 0.021212121 | S83: =SUM('案件．要員情報'!AN84:AS84) -> 0.7015873 | T83: =SUM('案件．要員情報'!AT84:AY84) -> 0.79242424 | U83: =SUM('案件．要員情報'!AZ84:BF84) -> 0.13833333 | V83: =SUM('案件．要員情報'!BG84:BN84) -> 0 | W83: =SUM('案件．要員情報'!BO84:BV84) -> 0 | X83: =SUM('案件．要員情報'!BW84:CD84) -> 0 | Y83: =SUM('案件．要員情報'!CE84:CL84) -> 0 | Z83: =SUM('案件．要員情報'!CM84:CT84) -> 0 | AA83: =SUM(O83:Z83) -> 1.653557
A84: 40 | B84: 完了 | C84: その他 | D84: 藤白 | E84: PA6 | G84: 【PLATE】【作業依頼】(0C)PLATEAUTO開放対応＜K3316、K3326＞ | N84: 計画 | O84: =SUM('案件．要員情報'!O85:U85) -> 0 | P84: =SUM('案件．要員情報'!V85:AA85) -> 0 | Q84: =SUM('案件．要員情報'!AB85:AG85) -> 0 | R84: =SUM('案件．要員情報'!AH85:AM85) -> 0.018181818 | S84: =SUM('案件．要員情報'!AN85:AS85) -> 0.43809524 | T84: =SUM('案件．要員情報'!AT85:AY85) -> 0 | U84: =SUM('案件．要員情報'!AZ85:BF85) -> 0 | V84: =SUM('案件．要員情報'!BG85:BN85) -> 0 | W84: =SUM('案件．要員情報'!BO85:BV85) -> 0 | X84: =SUM('案件．要員情報'!BW85:CD85) -> 0 | Y84: =SUM('案件．要員情報'!CE85:CL85) -> 0 | Z84: =SUM('案件．要員情報'!CM85:CT85) -> 0 | AA84: =SUM(O84:Z84) -> 0.45627706
N85: 実績 | O85: =SUM('案件．要員情報'!O86:U86) -> 0 | P85: =SUM('案件．要員情報'!V86:AA86) -> 0 | Q85: =SUM('案件．要員情報'!AB86:AG86) -> 0 | R85: =SUM('案件．要員情報'!AH86:AM86) -> 0.015151515 | S85: =SUM('案件．要員情報'!AN86:AS86) -> 0.42698413 | T85: =SUM('案件．要員情報'!AT86:AY86) -> 0 | U85: =SUM('案件．要員情報'!AZ86:BF86) -> 0 | V85: =SUM('案件．要員情報'!BG86:BN86) -> 0 | W85: =SUM('案件．要員情報'!BO86:BV86) -> 0 | X85: =SUM('案件．要員情報'!BW86:CD86) -> 0 | Y85: =SUM('案件．要員情報'!CE86:CL86) -> 0 | Z85: =SUM('案件．要員情報'!CM86:CT86) -> 0 | AA85: =SUM(O85:Z85) -> 0.44213564
A86: 41 | B86: 完了 | C86: 定型 | D86: 山田 | E86: F215 | F86: PB00202176 | G86: PB00202176_【定型】信用取引金利優遇条件設定依頼 | N86: 計画 | O86: =SUM('案件．要員情報'!O87:U87) -> 0 | P86: =SUM('案件．要員情報'!V87:AA87) -> 0 | Q86: =SUM('案件．要員情報'!AB87:AG87) -> 0 | R86: =SUM('案件．要員情報'!AH87:AM87) -> 0 | S86: =SUM('案件．要員情報'!AN87:AS87) -> 0.14603175 | T86: =SUM('案件．要員情報'!AT87:AY87) -> 0 | U86: =SUM('案件．要員情報'!AZ87:BF87) -> 0 | V86: =SUM('案件．要員情報'!BG87:BN87) -> 0 | W86: =SUM('案件．要員情報'!BO87:BV87) -> 0 | X86: =SUM('案件．要員情報'!BW87:CD87) -> 0 | Y86: =SUM('案件．要員情報'!CE87:CL87) -> 0 | Z86: =SUM('案件．要員情報'!CM87:CT87) -> 0 | AA86: =SUM(O86:Z86) -> 0.14603175
N87: 実績 | O87: =SUM('案件．要員情報'!O88:U88) -> 0 | P87: =SUM('案件．要員情報'!V88:AA88) -> 0 | Q87: =SUM('案件．要員情報'!AB88:AG88) -> 0 | R87: =SUM('案件．要員情報'!AH88:AM88) -> 0 | S87: =SUM('案件．要員情報'!AN88:AS88) -> 0.13650794 | T87: =SUM('案件．要員情報'!AT88:AY88) -> 0 | U87: =SUM('案件．要員情報'!AZ88:BF88) -> 0 | V87: =SUM('案件．要員情報'!BG88:BN88) -> 0 | W87: =SUM('案件．要員情報'!BO88:BV88) -> 0 | X87: =SUM('案件．要員情報'!BW88:CD88) -> 0 | Y87: =SUM('案件．要員情報'!CE88:CL88) -> 0 | Z87: =SUM('案件．要員情報'!CM88:CT88) -> 0 | AA87: =SUM(O87:Z87) -> 0.13650794
A88: 42 | B88: 完了 | C88: その他 | D88: 鈴木 | E88: PL10 | G88: 【依頼】PLETE画面マニュアル更新依頼（D3711～D3717） | N88: 計画 | O88: =SUM('案件．要員情報'!O89:U89) -> 0 | P88: =SUM('案件．要員情報'!V89:AA89) -> 0 | Q88: =SUM('案件．要員情報'!AB89:AG89) -> 0 | R88: =SUM('案件．要員情報'!AH89:AM89) -> 0 | S88: =SUM('案件．要員情報'!AN89:AS89) -> 0.076190476 | T88: =SUM('案件．要員情報'!AT89:AY89) -> 0 | U88: =SUM('案件．要員情報'!AZ89:BF89) -> 0 | V88: =SUM('案件．要員情報'!BG89:BN89) -> 0 | W88: =SUM('案件．要員情報'!BO89:BV89) -> 0 | X88: =SUM('案件．要員情報'!BW89:CD89) -> 0 | Y88: =SUM('案件．要員情報'!CE89:CL89) -> 0 | Z88: =SUM('案件．要員情報'!CM89:CT89) -> 0 | AA88: =SUM(O88:Z88) -> 0.076190476
N89: 実績 | O89: =SUM('案件．要員情報'!O90:U90) -> 0 | P89: =SUM('案件．要員情報'!V90:AA90) -> 0 | Q89: =SUM('案件．要員情報'!AB90:AG90) -> 0 | R89: =SUM('案件．要員情報'!AH90:AM90) -> 0 | S89: =SUM('案件．要員情報'!AN90:AS90) -> 0.065079365 | T89: =SUM('案件．要員情報'!AT90:AY90) -> 0 | U89: =SUM('案件．要員情報'!AZ90:BF90) -> 0 | V89: =SUM('案件．要員情報'!BG90:BN90) -> 0 | W89: =SUM('案件．要員情報'!BO90:BV90) -> 0 | X89: =SUM('案件．要員情報'!BW90:CD90) -> 0 | Y89: =SUM('案件．要員情報'!CE90:CL90) -> 0 | Z89: =SUM('案件．要員情報'!CM90:CT90) -> 0 | AA89: =SUM(O89:Z89) -> 0.065079365
A90: 43 | B90: 完了 | C90: その他 | D90: 川村 | E90: F216 | F90: PB00202193 | G90: PB00202193_【定型】国内株式買い注文入力画面リンク先変更 | N90: 計画 | O90: =SUM('案件．要員情報'!O91:U91) -> 0 | P90: =SUM('案件．要員情報'!V91:AA91) -> 0 | Q90: =SUM('案件．要員情報'!AB91:AG91) -> 0 | R90: =SUM('案件．要員情報'!AH91:AM91) -> 0 | S90: =SUM('案件．要員情報'!AN91:AS91) -> 0.16507937 | T90: =SUM('案件．要員情報'!AT91:AY91) -> 0 | U90: =SUM('案件．要員情報'!AZ91:BF91) -> 0 | V90: =SUM('案件．要員情報'!BG91:BN91) -> 0 | W90: =SUM('案件．要員情報'!BO91:BV91) -> 0 | X90: =SUM('案件．要員情報'!BW91:CD91) -> 0 | Y90: =SUM('案件．要員情報'!CE91:CL91) -> 0 | Z90: =SUM('案件．要員情報'!CM91:CT91) -> 0 | AA90: =SUM(O90:Z90) -> 0.16507937
N91: 実績 | O91: =SUM('案件．要員情報'!O92:U92) -> 0 | P91: =SUM('案件．要員情報'!V92:AA92) -> 0 | Q91: =SUM('案件．要員情報'!AB92:AG92) -> 0 | R91: =SUM('案件．要員情報'!AH92:AM92) -> 0 | S91: =SUM('案件．要員情報'!AN92:AS92) -> 0.15555556 | T91: =SUM('案件．要員情報'!AT92:AY92) -> 0 | U91: =SUM('案件．要員情報'!AZ92:BF92) -> 0 | V91: =SUM('案件．要員情報'!BG92:BN92) -> 0 | W91: =SUM('案件．要員情報'!BO92:BV92) -> 0 | X91: =SUM('案件．要員情報'!BW92:CD92) -> 0 | Y91: =SUM('案件．要員情報'!CE92:CL92) -> 0 | Z91: =SUM('案件．要員情報'!CM92:CT92) -> 0 | AA91: =SUM(O91:Z91) -> 0.15555556
A92: 44 | B92: 完了 | C92: その他 | D92: 藤白 | E92: EPM19 | G92: 【EPM】【作業依頼】(09)帳票マスタUPDATE依頼 | N92: 計画 | O92: =SUM('案件．要員情報'!O93:U93) -> 0 | P92: =SUM('案件．要員情報'!V93:AA93) -> 0 | Q92: =SUM('案件．要員情報'!AB93:AG93) -> 0 | R92: =SUM('案件．要員情報'!AH93:AM93) -> 0 | S92: =SUM('案件．要員情報'!AN93:AS93) -> 0.24761905 | T92: =SUM('案件．要員情報'!AT93:AY93) -> 0 | U92: =SUM('案件．要員情報'!AZ93:BF93) -> 0 | V92: =SUM('案件．要員情報'!BG93:BN93) -> 0 | W92: =SUM('案件．要員情報'!BO93:BV93) -> 0 | X92: =SUM('案件．要員情報'!BW93:CD93) -> 0 | Y92: =SUM('案件．要員情報'!CE93:CL93) -> 0 | Z92: =SUM('案件．要員情報'!CM93:CT93) -> 0 | AA92: =SUM(O92:Z92) -> 0.24761905
N93: 実績 | O93: =SUM('案件．要員情報'!O94:U94) -> 0 | P93: =SUM('案件．要員情報'!V94:AA94) -> 0 | Q93: =SUM('案件．要員情報'!AB94:AG94) -> 0 | R93: =SUM('案件．要員情報'!AH94:AM94) -> 0 | S93: =SUM('案件．要員情報'!AN94:AS94) -> 0.24285714 | T93: =SUM('案件．要員情報'!AT94:AY94) -> 0 | U93: =SUM('案件．要員情報'!AZ94:BF94) -> 0 | V93: =SUM('案件．要員情報'!BG94:BN94) -> 0 | W93: =SUM('案件．要員情報'!BO94:BV94) -> 0 | X93: =SUM('案件．要員情報'!BW94:CD94) -> 0 | Y93: =SUM('案件．要員情報'!CE94:CL94) -> 0 | Z93: =SUM('案件．要員情報'!CM94:CT94) -> 0 | AA93: =SUM(O93:Z93) -> 0.24285714
A94: 45 | B94: 完了 | C94: その他 | D94: 鈴木 | E94: PL11 | G94: 【依頼】PLETE画面マニュアル更新依頼（G1100） | N94: 計画 | O94: =SUM('案件．要員情報'!O95:U95) -> 0 | P94: =SUM('案件．要員情報'!V95:AA95) -> 0 | Q94: =SUM('案件．要員情報'!AB95:AG95) -> 0 | R94: =SUM('案件．要員情報'!AH95:AM95) -> 0 | S94: =SUM('案件．要員情報'!AN95:AS95) -> 0.047619048 | T94: =SUM('案件．要員情報'!AT95:AY95) -> 0 | U94: =SUM('案件．要員情報'!AZ95:BF95) -> 0 | V94: =SUM('案件．要員情報'!BG95:BN95) -> 0 | W94: =SUM('案件．要員情報'!BO95:BV95) -> 0 | X94: =SUM('案件．要員情報'!BW95:CD95) -> 0 | Y94: =SUM('案件．要員情報'!CE95:CL95) -> 0 | Z94: =SUM('案件．要員情報'!CM95:CT95) -> 0 | AA94: =SUM(O94:Z94) -> 0.047619048
N95: 実績 | O95: =SUM('案件．要員情報'!O96:U96) -> 0 | P95: =SUM('案件．要員情報'!V96:AA96) -> 0 | Q95: =SUM('案件．要員情報'!AB96:AG96) -> 0 | R95: =SUM('案件．要員情報'!AH96:AM96) -> 0 | S95: =SUM('案件．要員情報'!AN96:AS96) -> 0.038095238 | T95: =SUM('案件．要員情報'!AT96:AY96) -> 0 | U95: =SUM('案件．要員情報'!AZ96:BF96) -> 0 | V95: =SUM('案件．要員情報'!BG96:BN96) -> 0 | W95: =SUM('案件．要員情報'!BO96:BV96) -> 0 | X95: =SUM('案件．要員情報'!BW96:CD96) -> 0 | Y95: =SUM('案件．要員情報'!CE96:CL96) -> 0 | Z95: =SUM('案件．要員情報'!CM96:CT96) -> 0 | AA95: =SUM(O95:Z95) -> 0.038095238
A96: 46 | B96: 完了 | C96: 定型 | D96: 川村 | E96: F217 | F96: PB00202199 | G96: PB00202199_【定型】「証券口座開設のご案内」文章変更依頼 | N96: 計画 | O96: =SUM('案件．要員情報'!O97:U97) -> 0 | P96: =SUM('案件．要員情報'!V97:AA97) -> 0 | Q96: =SUM('案件．要員情報'!AB97:AG97) -> 0 | R96: =SUM('案件．要員情報'!AH97:AM97) -> 0 | S96: =SUM('案件．要員情報'!AN97:AS97) -> 0.050793651 | T96: =SUM('案件．要員情報'!AT97:AY97) -> 0.25454545 | U96: =SUM('案件．要員情報'!AZ97:BF97) -> 0 | V96: =SUM('案件．要員情報'!BG97:BN97) -> 0 | W96: =SUM('案件．要員情報'!BO97:BV97) -> 0 | X96: =SUM('案件．要員情報'!BW97:CD97) -> 0 | Y96: =SUM('案件．要員情報'!CE97:CL97) -> 0 | Z96: =SUM('案件．要員情報'!CM97:CT97) -> 0 | AA96: =SUM(O96:Z96) -> 0.30533911
N97: 実績 | O97: =SUM('案件．要員情報'!O98:U98) -> 0 | P97: =SUM('案件．要員情報'!V98:AA98) -> 0 | Q97: =SUM('案件．要員情報'!AB98:AG98) -> 0 | R97: =SUM('案件．要員情報'!AH98:AM98) -> 0 | S97: =SUM('案件．要員情報'!AN98:AS98) -> 0.050793651 | T97: =SUM('案件．要員情報'!AT98:AY98) -> 0.2469697 | U97: =SUM('案件．要員情報'!AZ98:BF98) -> 0 | V97: =SUM('案件．要員情報'!BG98:BN98) -> 0 | W97: =SUM('案件．要員情報'!BO98:BV98) -> 0 | X97: =SUM('案件．要員情報'!BW98:CD98) -> 0 | Y97: =SUM('案件．要員情報'!CE98:CL98) -> 0 | Z97: =SUM('案件．要員情報'!CM98:CT98) -> 0 | AA97: =SUM(O97:Z97) -> 0.29776335
A98: 47 | B98: 完了 | C98: その他 | D98: 鈴木 | E98: WA8 | G98: 【依頼】PLETE画面マニュアル PDF作成の簡略化 | N98: 計画 | O98: =SUM('案件．要員情報'!O99:U99) -> 0 | P98: =SUM('案件．要員情報'!V99:AA99) -> 0 | Q98: =SUM('案件．要員情報'!AB99:AG99) -> 0 | R98: =SUM('案件．要員情報'!AH99:AM99) -> 0 | S98: =SUM('案件．要員情報'!AN99:AS99) -> 0 | T98: =SUM('案件．要員情報'!AT99:AY99) -> 0.47878788 | U98: =SUM('案件．要員情報'!AZ99:BF99) -> 0 | V98: =SUM('案件．要員情報'!BG99:BN99) -> 0 | W98: =SUM('案件．要員情報'!BO99:BV99) -> 0 | X98: =SUM('案件．要員情報'!BW99:CD99) -> 0 | Y98: =SUM('案件．要員情報'!CE99:CL99) -> 0 | Z98: =SUM('案件．要員情報'!CM99:CT99) -> 0 | AA98: =SUM(O98:Z98) -> 0.47878788
N99: 実績 | O99: =SUM('案件．要員情報'!O100:U100) -> 0 | P99: =SUM('案件．要員情報'!V100:AA100) -> 0 | Q99: =SUM('案件．要員情報'!AB100:AG100) -> 0 | R99: =SUM('案件．要員情報'!AH100:AM100) -> 0 | S99: =SUM('案件．要員情報'!AN100:AS100) -> 0 | T99: =SUM('案件．要員情報'!AT100:AY100) -> 0.47272727 | U99: =SUM('案件．要員情報'!AZ100:BF100) -> 0.005 | V99: =SUM('案件．要員情報'!BG100:BN100) -> 0 | W99: =SUM('案件．要員情報'!BO100:BV100) -> 0 | X99: =SUM('案件．要員情報'!BW100:CD100) -> 0 | Y99: =SUM('案件．要員情報'!CE100:CL100) -> 0 | Z99: =SUM('案件．要員情報'!CM100:CT100) -> 0 | AA99: =SUM(O99:Z99) -> 0.47772727
A100: 48 | B100: 完了 | C100: その他 | D100: 山本 | E100: EPM20 | F100: PB00202198 | G100: 【調査依頼】4782_PB00202198_【内藤】EPMアクセスログの詳細について | N100: 計画 | O100: =SUM('案件．要員情報'!O101:U101) -> 0 | P100: =SUM('案件．要員情報'!V101:AA101) -> 0 | Q100: =SUM('案件．要員情報'!AB101:AG101) -> 0 | R100: =SUM('案件．要員情報'!AH101:AM101) -> 0 | S100: =SUM('案件．要員情報'!AN101:AS101) -> 0 | T100: =SUM('案件．要員情報'!AT101:AY101) -> 0.084848485 | U100: =SUM('案件．要員情報'!AZ101:BF101) -> 0 | V100: =SUM('案件．要員情報'!BG101:BN101) -> 0 | W100: =SUM('案件．要員情報'!BO101:BV101) -> 0 | X100: =SUM('案件．要員情報'!BW101:CD101) -> 0 | Y100: =SUM('案件．要員情報'!CE101:CL101) -> 0 | Z100: =SUM('案件．要員情報'!CM101:CT101) -> 0 | AA100: =SUM(O100:Z100) -> 0.084848485
...

Sheet 案件．要員情報
A1: 案件．要員情報 | P1: Total Member - 7 | S1: Contract Member - 5 | W1: Total Member - 6 | Y1: Contract Member - 5 | AC1: Total Member - 6 | AE1: Contract Member - 5 | AI1: Total Member - 6 | AK1: Contract Member - 5 | AO1: Total Member - 6 | AQ1: Contract Member - 5 | AU1: Total Member - 6 | AW1: Contract Member - 5 | BA1: Total Member - 7 | BC1: Contract Member - 5 | BH1: Total Member - 8 | BK1: Contract Member - 7 | BP1: Total Member - 8 | BS1: Contract Member - 7 | BX1: Total Member - 8 | CA1: Contract Member - 7 | CF1: Total Member - 8 | CI1: Contract Member - 7 | CN1: Total Member - 8 | CQ1: Contract Member - 7
P2: FOC Member - 2 | W2: FOC Member - 1 | AC2: FOC Member - 1 | AI2: FOC Member - 1 | AO2: FOC Member - 1 | AU2: FOC Member - 1 | BA2: FOC Member - 2 | BH2: FOC Member - 1 | BP2: FOC Member - 1 | BX2: FOC Member - 1 | CF2: FOC Member - 1 | CN2: FOC Member - 1
A3: ■案件
A4: No. | B4: ステータス | C4: 区分 | D4: DIR 担当 | E4: 案件管理コード（DAT) | F4: 案件管理コード（DIR) | G4: 案件 | H4: 計画 (DIR) | I4: 計画 (DAT) | J4: 進捗 （％） | K4: 着手日 | L4: 完了日 | M4: 備考 | N4: 工数（人月）
N5: 4月 | V5: 5月 | AB5: 6月 | AH5: 7月 | AN5: 8月 | AT5: 9月 | AZ5: 10月 | BG5: 11月 | BO5: 12月 | BW5: 1月 | CE5: 2月 | CM5: 3月
O6: TZA | P6: AMTZ | Q6: TSO | R6: NCM | S6: MMH | T6: SMZK | U6: SYA | V6: TZA | W6: AMTZ | X6: TSO | Y6: MMH | Z6: SMZK | AA6: SYA | AB6: TZA | AC6: AMTZ | AD6: TSO | AE6: MMH | AF6: SMZK | AG6: SYA | AH6: TZA | AI6: AMTZ | AJ6: TSO | AK6: MMH | AL6: SMZK | AM6: SYA | AN6: TZA | AO6: AMTZ | AP6: TSO | AQ6: MMH | AR6: SMZK | AS6: SYA | AT6: TZA | AU6: AMTZ | AV6: TSO | AW6: MMH | AX6: SMZK | AY6: SYA | AZ6: TZA | BA6: AMTZ | BB6: TSO | BC6: MMH | BD6: SMZK | BE6: SYA | BF6: MMM | BG6: TZA | BH6: HWY | BI6: SPH | BJ6: KSH | BK6: TSO | BL6: SNNT | BM6: IKK | BN6: KBN | BO6: TZA | BP6: HWY | BQ6: SPH | BR6: KSH | BS6: TSO | BT6: SNNT | BU6: IKK | BV6: KBN | BW6: TZA | BX6: HWY | BY6: SPH | BZ6: KSH | CA6: TSO | CB6: SNNT | CC6: IKK | CD6: KBN | CE6: TZA | CF6: HWY | CG6: SPH | CH6: KSH | CI6: TSO | CJ6: SNNT | CK6: IKK | CL6: KBN | CM6: TZA | CN6: HWY | CO6: SPH | CP6: KSH | CQ6: TSO | CR6: SNNT | CS6: IKK | CT6: KBN
A7: 1 | B7: 着手中 | C7: その他 | D7: 飯田 | E7: BW1 | F7: A5207110 | G7: 【案件依頼】ビルド作業を対応 | H7: =SUM(AZ7:BF7) -> 0.33333333 | I7: =SUM(AZ8:BF8) -> 0.06 | N7: 計画 | O7: =(0)/120 -> 0 | P7: =(0)/120 -> 0 | Q7: =(15)/120 -> 0.125 | R7: =(12.5)/120 -> 0.10416667 | S7: =(12.5)/120 -> 0.10416667 | T7: =(15)/120 -> 0.125 | U7: =(0)/120 -> 0 | V7: =(0)/142.5 -> 0 | W7: =(0)/142.5 -> 0 | X7: =(10)/142.5 -> 0.070175439 | Y7: =(0)/142.5 -> 0 | Z7: =(10)/142.5 -> 0.070175439 | AA7: =(10)/142.5 -> 0.070175439 | AB7: =(0)/165 -> 0 | AC7: =(0)/165 -> 0 | AD7: =(10)/165 -> 0.060606061 | AE7: =(15)/165 -> 0.090909091 | AF7: =(5)/165 -> 0.03030303 | AG7: =(15)/165 -> 0.090909091 | AH7: =(0)/165 -> 0 | AI7: =(0)/165 -> 0 | AJ7: =(0)/165 -> 0 | AK7: =(10)/165 -> 0.060606061 | AL7: =(3)/165 -> 0.018181818 | AM7: =(7)/165 -> 0.042424242 | AN7: =(0)/157.5 -> 0 | AO7: =(10)/157.5 -> 0.063492063 | AP7: =(20)/157.5 -> 0.12698413 | AQ7: =(0)/157.5 -> 0 | AR7: =(0)/157.5 -> 0 | AS7: =(3)/157.5 -> 0.019047619 | AT7: =(0)/165 -> 0 | AU7: =(10)/165 -> 0.060606061 | AV7: =(11.5)/165 -> 0.06969697 | AW7: =(11.5)/165 -> 0.06969697 | AX7: =(10)/165 -> 0.060606061 | AY7: =(10)/165 -> 0.060606061 | AZ7: =(0)/150 -> 0 | BA7: =(10)/150 -> 0.066666667 | BB7: =(10)/150 -> 0.066666667 | BC7: =(10)/150 -> 0.066666667 | BD7: =(10)/150 -> 0.066666667 | BE7: =(10)/150 -> 0.066666667 | BF7: =(0)/150 -> 0 | BG7: =0/142.5 -> 0 | BH7: =0/142.5 -> 0 | BI7: =0/142.5 -> 0 | BJ7: =0/142.5 -> 0 | BK7: =0/142.5 -> 0 | BL7: =0/172.5 -> 0 | BM7: =0/172.5 -> 0 | BN7: =0/172.5 -> 0 | BO7: =0/157.5 -> 0 | BP7: =0/157.5 -> 0 | BQ7: =0/157.5 -> 0 | BR7: =0/157.5 -> 0 | BS7: =0/157.5 -> 0 | BT7: =0/172.5 -> 0 | BU7: =0/172.5 -> 0 | BV7: =0/172.5 -> 0 | BW7: =0/157.5 -> 0 | BX7: =0/157.5 -> 0 | BY7: =0/157.5 -> 0 | BZ7: =0/157.5 -> 0 | CA7: =0/157.5 -> 0 | CB7: =0/172.5 -> 0 | CC7: =0/172.5 -> 0 | CD7: =0/172.5 -> 0 | CE7: =0/157.5 -> 0 | CF7: =0/157.5 -> 0 | CG7: =0/157.5 -> 0 | CH7: =0/157.5 -> 0 | CI7: =0/157.5 -> 0 | CJ7: =0/172.5 -> 0 | CK7: =0/172.5 -> 0 | CL7: =0/172.5 -> 0 | CM7: =0/142.5 -> 0 | CN7: =0/142.5 -> 0 | CO7: =0/142.5 -> 0 | CP7: =0/142.5 -> 0 | CQ7: =0/142.5 -> 0 | CR7: =0/172.5 -> 0 | CS7: =0/172.5 -> 0 | CT7: =0/172.5 -> 0
N8: 実績 | O8: =(0)/120 -> 0 | P8: =(0)/120 -> 0 | Q8: =(2+4)/120 -> 0.05 | R8: =(0+6+4)/120 -> 0.083333333 | S8: =(0+6)/120 -> 0.05 | T8: =(2+4+7+4)/120 -> 0.14166667 | U8: =(0+10)/120 -> 0.083333333 | V8: =(0)/142.5 -> 0 | W8: =(0)/142.5 -> 0 | X8: =(0+6+4+2+1)/142.5 -> 0.09122807 | Y8: =(0)/142.5 -> 0 | Z8: =(0+6+2)/142.5 -> 0.056140351 | AA8: =(0+3+2+2)/142.5 -> 0.049122807 | AB8: =(0)/165 -> 0 | AC8: =(0+6+4)/165 -> 0.060606061 | AD8: =(0+6+1)/165 -> 0.042424242 | AE8: =(6+4)/165 -> 0.060606061 | AF8: =(0+2.5)/165 -> 0.015151515 | AG8: =(9+2+3)/165 -> 0.084848485 | AH8: =(0)/165 -> 0 | AI8: =(0)/165 -> 0 | AJ8: =(0)/165 -> 0 | AK8: =(1.5+2.5+6)/165 -> 0.060606061 | AL8: =(1.5+1)/165 -> 0.015151515 | AM8: =(3+4)/165 -> 0.042424242 | AN8: =(0)/157.5 -> 0 | AO8: =(6+4)/157.5 -> 0.063492063 | AP8: =(6+2+4+4)/157.5 -> 0.1015873 | AQ8: =(0+2)/157.5 -> 0.012698413 | AR8: =(0+2+2)/157.5 -> 0.025396825 | AS8: =(0+1)/157.5 -> 0.0063492063 | AT8: =(0)/165 -> 0 | AU8: =(6+4)/165 -> 0.060606061 | AV8: =(6+4+2)/165 -> 0.072727273 | AW8: =(4+4+4)/165 -> 0.072727273 | AX8: =(0+6)/165 -> 0.036363636 | AY8: =(4+4+1)/165 -> 0.054545455 | AZ8: =(0)/150 -> 0 | BA8: =(0)/150 -> 0 | BB8: =(0)/150 -> 0 | BC8: =(4)/150 -> 0.026666667 | BD8: =(5)/150 -> 0.033333333 | BE8: =(0)/150 -> 0 | BF8: =(0)/150 -> 0 | BG8: =0/142.5 -> 0 | BH8: =0/142.5 -> 0 | BI8: =0/142.5 -> 0 | BJ8: =0/142.5 -> 0 | BK8: =0/142.5 -> 0 | BL8: =0/172.5 -> 0 | BM8: =0/172.5 -> 0 | BN8: =0/172.5 -> 0 | BO8: =0/157.5 -> 0 | BP8: =0/157.5 -> 0 | BQ8: =0/157.5 -> 0 | BR8: =0/157.5 -> 0 | BS8: =0/157.5 -> 0 | BT8: =0/172.5 -> 0 | BU8: =0/172.5 -> 0 | BV8: =0/172.5 -> 0 | BW8: =0/157.5 -> 0 | BX8: =0/157.5 -> 0 | BY8: =0/157.5 -> 0 | BZ8: =0/157.5 -> 0 | CA8: =0/157.5 -> 0 | CB8: =0/172.5 -> 0 | CC8: =0/172.5 -> 0 | CD8: =0/172.5 -> 0 | CE8: =0/157.5 -> 0 | CF8: =0/157.5 -> 0 | CG8: =0/157.5 -> 0 | CH8: =0/157.5 -> 0 | CI8: =0/157.5 -> 0 | CJ8: =0/172.5 -> 0 | CK8: =0/172.5 -> 0 | CL8: =0/172.5 -> 0 | CM8: =0/142.5 -> 0 | CN8: =0/142.5 -> 0 | CO8: =0/142.5 -> 0 | CP8: =0/142.5 -> 0 | CQ8: =0/142.5 -> 0 | CR8: =0/172.5 -> 0 | CS8: =0/172.5 -> 0 | CT8: =0/172.5 -> 0
A9: 2 | B9: 完了 | C9: その他 | D9: 山本 | E9: WA2 | G9: 【開発依頼】作業の自動化_UATヘルスチェック | H9: =SUM(V9:AA9) -> 0 | I9: =SUM(V10:AA10) -> 0 | N9: 計画 | O9: =(2.5)/120 -> 0.020833333 | P9: =(0)/120 -> 0 | Q9: =(2.5)/120 -> 0.020833333 | R9: =(0)/120 -> 0 | S9: =(0)/120 -> 0 | T9: =(0)/120 -> 0 | U9: =(0)/120 -> 0 | V9: =(0)/142.5 -> 0 | W9: =(0)/142.5 -> 0 | X9: =(0)/142.5 -> 0 | Y9: =(0)/142.5 -> 0 | Z9: =(0)/142.5 -> 0 | AA9: =(0)/142.5 -> 0 | AB9: =0/165 -> 0 | AC9: =0/165 -> 0 | AD9: =0/165 -> 0 | AE9: =0/165 -> 0 | AF9: =0/165 -> 0 | AG9: =0/165 -> 0 | AH9: =(0)/165 -> 0 | AI9: =(0)/165 -> 0 | AJ9: =(0)/165 -> 0 | AK9: =(0)/165 -> 0 | AL9: =(0)/165 -> 0 | AM9: =(0)/165 -> 0 | AN9: =0/157.5 -> 0 | AO9: =0/157.5 -> 0 | AP9: =0/157.5 -> 0 | AQ9: =0/157.5 -> 0 | AR9: =0/157.5 -> 0 | AS9: =0/165 -> 0 | AT9: =0/172.5 -> 0 | AU9: =0/172.5 -> 0 | AV9: =0/172.5 -> 0 | AW9: =0/172.5 -> 0 | AX9: =0/172.5 -> 0 | AY9: =0/172.5 -> 0 | AZ9: =0/142.5 -> 0 | BA9: =0/142.5 -> 0 | BB9: =0/142.5 -> 0 | BC9: =0/142.5 -> 0 | BD9: =0/142.5 -> 0 | BE9: =0/172.5 -> 0 | BF9: =0/172.5 -> 0 | BG9: =0/142.5 -> 0 | BH9: =0/142.5 -> 0 | BI9: =0/142.5 -> 0 | BJ9: =0/142.5 -> 0 | BK9: =0/142.5 -> 0 | BL9: =0/172.5 -> 0 | BM9: =0/172.5 -> 0 | BN9: =0/172.5 -> 0 | BO9: =0/157.5 -> 0 | BP9: =0/157.5 -> 0 | BQ9: =0/157.5 -> 0 | BR9: =0/157.5 -> 0 | BS9: =0/157.5 -> 0 | BT9: =0/172.5 -> 0 | BU9: =0/172.5 -> 0 | BV9: =0/172.5 -> 0 | BW9: =0/157.5 -> 0 | BX9: =0/157.5 -> 0 | BY9: =0/157.5 -> 0 | BZ9: =0/157.5 -> 0 | CA9: =0/157.5 -> 0 | CB9: =0/172.5 -> 0 | CC9: =0/172.5 -> 0 | CD9: =0/172.5 -> 0 | CE9: =0/157.5 -> 0 | CF9: =0/157.5 -> 0 | CG9: =0/157.5 -> 0 | CH9: =0/157.5 -> 0 | CI9: =0/157.5 -> 0 | CJ9: =0/172.5 -> 0 | CK9: =0/172.5 -> 0 | CL9: =0/172.5 -> 0 | CM9: =0/142.5 -> 0 | CN9: =0/142.5 -> 0 | CO9: =0/142.5 -> 0 | CP9: =0/142.5 -> 0 | CQ9: =0/142.5 -> 0 | CR9: =0/172.5 -> 0 | CS9: =0/172.5 -> 0 | CT9: =0/172.5 -> 0
N10: 実績 | O10: =(1+1)/120 -> 0.016666667 | P10: =(0)/120 -> 0 | Q10: =(1+0.5)/120 -> 0.0125 | R10: =(0)/120 -> 0 | S10: =(0)/120 -> 0 | T10: =(0)/120 -> 0 | U10: =(0)/120 -> 0 | V10: =(0)/142.5 -> 0 | W10: =(0)/142.5 -> 0 | X10: =(0)/142.5 -> 0 | Y10: =(0)/142.5 -> 0 | Z10: =(0)/142.5 -> 0 | AA10: =(0)/142.5 -> 0 | AB10: =0/165 -> 0 | AC10: =0/165 -> 0 | AD10: =0/165 -> 0 | AE10: =0/165 -> 0 | AF10: =0/165 -> 0 | AG10: =0/165 -> 0 | AH10: =(0)/165 -> 0 | AI10: =(0)/165 -> 0 | AJ10: =(0)/165 -> 0 | AK10: =(0)/165 -> 0 | AL10: =(0)/165 -> 0 | AM10: =(0)/165 -> 0 | AN10: =0/157.5 -> 0 | AO10: =0/157.5 -> 0 | AP10: =0/157.5 -> 0 | AQ10: =0/157.5 -> 0 | AR10: =0/157.5 -> 0 | AS10: =0/165 -> 0 | AT10: =0/172.5 -> 0 | AU10: =0/172.5 -> 0 | AV10: =0/172.5 -> 0 | AW10: =0/172.5 -> 0 | AX10: =0/172.5 -> 0 | AY10: =0/172.5 -> 0 | AZ10: =0/142.5 -> 0 | BA10: =0/142.5 -> 0 | BB10: =0/142.5 -> 0 | BC10: =0/142.5 -> 0 | BD10: =0/142.5 -> 0 | BE10: =0/172.5 -> 0 | BF10: =0/172.5 -> 0 | BG10: =0/142.5 -> 0 | BH10: =0/142.5 -> 0 | BI10: =0/142.5 -> 0 | BJ10: =0/142.5 -> 0 | BK10: =0/142.5 -> 0 | BL10: =0/172.5 -> 0 | BM10: =0/172.5 -> 0 | BN10: =0/172.5 -> 0 | BO10: =0/157.5 -> 0 | BP10: =0/157.5 -> 0 | BQ10: =0/157.5 -> 0 | BR10: =0/157.5 -> 0 | BS10: =0/157.5 -> 0 | BT10: =0/172.5 -> 0 | BU10: =0/172.5 -> 0 | BV10: =0/172.5 -> 0 | BW10: =0/157.5 -> 0 | BX10: =0/157.5 -> 0 | BY10: =0/157.5 -> 0 | BZ10: =0/157.5 -> 0 | CA10: =0/157.5 -> 0 | CB10: =0/172.5 -> 0 | CC10: =0/172.5 -> 0 | CD10: =0/172.5 -> 0 | CE10: =0/157.5 -> 0 | CF10: =0/157.5 -> 0 | CG10: =0/157.5 -> 0 | CH10: =0/157.5 -> 0 | CI10: =0/157.5 -> 0 | CJ10: =0/172.5 -> 0 | CK10: =0/172.5 -> 0 | CL10: =0/172.5 -> 0 | CM10: =0/142.5 -> 0 | CN10: =0/142.5 -> 0 | CO10: =0/142.5 -> 0 | CP10: =0/142.5 -> 0 | CQ10: =0/142.5 -> 0 | CR10: =0/172.5 -> 0 | CS10: =0/172.5 -> 0 | CT10: =0/172.5 -> 0
A11: 3 | B11: 完了 | C11: その他 | D11: 仲井 | E11: WA6 | F11: PBxxxxxxxx | G11: 【開発依頼】作業の自動化・効率化_エラーメッセージ一覧作成 | H11: =SUM(V11:AA11) -> 0 | I11: =SUM(V12:AA12) -> 0 | N11: 計画 | O11: =(4)/120 -> 0.033333333 | P11: =(0)/120 -> 0 | Q11: =(38)/120 -> 0.31666667 | R11: =(0)/120 -> 0 | S11: =(0)/120 -> 0 | T11: =(0)/120 -> 0 | U11: =(38)/120 -> 0.31666667 | V11: =(0)/142.5 -> 0 | W11: =(0)/142.5 -> 0 | X11: =(0)/142.5 -> 0 | Y11: =(0)/142.5 -> 0 | Z11: =(0)/142.5 -> 0 | AA11: =(0)/142.5 -> 0 | AB11: =0/165 -> 0 | AC11: =0/165 -> 0 | AD11: =0/165 -> 0 | AE11: =0/165 -> 0 | AF11: =0/165 -> 0 | AG11: =0/165 -> 0 | AH11: =(0)/165 -> 0 | AI11: =(0)/165 -> 0 | AJ11: =(0)/165 -> 0 | AK11: =(0)/165 -> 0 | AL11: =(0)/165 -> 0 | AM11: =(0)/165 -> 0 | AN11: =0/157.5 -> 0 | AO11: =0/157.5 -> 0 | AP11: =0/157.5 -> 0 | AQ11: =0/157.5 -> 0 | AR11: =0/157.5 -> 0 | AS11: =0/165 -> 0 | AT11: =0/172.5 -> 0 | AU11: =0/172.5 -> 0 | AV11: =0/172.5 -> 0 | AW11: =0/172.5 -> 0 | AX11: =0/172.5 -> 0 | AY11: =0/172.5 -> 0 | AZ11: =0/142.5 -> 0 | BA11: =0/142.5 -> 0 | BB11: =0/142.5 -> 0 | BC11: =0/142.5 -> 0 | BD11: =0/142.5 -> 0 | BE11: =0/172.5 -> 0 | BF11: =0/172.5 -> 0 | BG11: =0/142.5 -> 0 | BH11: =0/142.5 -> 0 | BI11: =0/142.5 -> 0 | BJ11: =0/142.5 -> 0 | BK11: =0/142.5 -> 0 | BL11: =0/172.5 -> 0 | BM11: =0/172.5 -> 0 | BN11: =0/172.5 -> 0 | BO11: =0/157.5 -> 0 | BP11: =0/157.5 -> 0 | BQ11: =0/157.5 -> 0 | BR11: =0/157.5 -> 0 | BS11: =0/157.5 -> 0 | BT11: =0/172.5 -> 0 | BU11: =0/172.5 -> 0 | BV11: =0/172.5 -> 0 | BW11: =0/157.5 -> 0 | BX11: =0/157.5 -> 0 | BY11: =0/157.5 -> 0 | BZ11: =0/157.5 -> 0 | CA11: =0/157.5 -> 0 | CB11: =0/172.5 -> 0 | CC11: =0/172.5 -> 0 | CD11: =0/172.5 -> 0 | CE11: =0/157.5 -> 0 | CF11: =0/157.5 -> 0 | CG11: =0/157.5 -> 0 | CH11: =0/157.5 -> 0 | CI11: =0/157.5 -> 0 | CJ11: =0/172.5 -> 0 | CK11: =0/172.5 -> 0 | CL11: =0/172.5 -> 0 | CM11: =0/142.5 -> 0 | CN11: =0/142.5 -> 0 | CO11: =0/142.5 -> 0 | CP11: =0/142.5 -> 0 | CQ11: =0/142.5 -> 0 | CR11: =0/172.5 -> 0 | CS11: =0/172.5 -> 0 | CT11: =0/172.5 -> 0
N12: 実績 | O12: =(0+1)/120 -> 0.0083333333 | P12: =(0)/120 -> 0 | Q12: =(3+20+14)/120 -> 0.30833333 | R12: =(0)/120 -> 0 | S12: =(0)/120 -> 0 | T12: =(0)/120 -> 0 | U12: =(3.5+19.5+13)/120 -> 0.3 | V12: =(0)/142.5 -> 0 | W12: =(0)/142.5 -> 0 | X12: =(0)/142.5 -> 0 | Y12: =(0)/142.5 -> 0 | Z12: =(0)/142.5 -> 0 | AA12: =(0)/142.5 -> 0 | AB12: =0/165 -> 0 | AC12: =0/165 -> 0 | AD12: =0/165 -> 0 | AE12: =0/165 -> 0 | AF12: =0/165 -> 0 | AG12: =0/165 -> 0 | AH12: =(0)/165 -> 0 | AI12: =(0)/165 -> 0 | AJ12: =(0)/165 -> 0 | AK12: =(0)/165 -> 0 | AL12: =(0)/165 -> 0 | AM12: =(0)/165 -> 0 | AN12: =0/157.5 -> 0 | AO12: =0/157.5 -> 0 | AP12: =0/157.5 -> 0 | AQ12: =0/157.5 -> 0 | AR12: =0/157.5 -> 0 | AS12: =0/165 -> 0 | AT12: =0/172.5 -> 0 | AU12: =0/172.5 -> 0 | AV12: =0/172.5 -> 0 | AW12: =0/172.5 -> 0 | AX12: =0/172.5 -> 0 | AY12: =0/172.5 -> 0 | AZ12: =0/142.5 -> 0 | BA12: =0/142.5 -> 0 | BB12: =0/142.5 -> 0 | BC12: =0/142.5 -> 0 | BD12: =0/142.5 -> 0 | BE12: =0/172.5 -> 0 | BF12: =0/172.5 -> 0 | BG12: =0/142.5 -> 0 | BH12: =0/142.5 -> 0 | BI12: =0/142.5 -> 0 | BJ12: =0/142.5 -> 0 | BK12: =0/142.5 -> 0 | BL12: =0/172.5 -> 0 | BM12: =0/172.5 -> 0 | BN12: =0/172.5 -> 0 | BO12: =0/157.5 -> 0 | BP12: =0/157.5 -> 0 | BQ12: =0/157.5 -> 0 | BR12: =0/157.5 -> 0 | BS12: =0/157.5 -> 0 | BT12: =0/172.5 -> 0 | BU12: =0/172.5 -> 0 | BV12: =0/172.5 -> 0 | BW12: =0/157.5 -> 0 | BX12: =0/157.5 -> 0 | BY12: =0/157.5 -> 0 | BZ12: =0/157.5 -> 0 | CA12: =0/157.5 -> 0 | CB12: =0/172.5 -> 0 | CC12: =0/172.5 -> 0 | CD12: =0/172.5 -> 0 | CE12: =0/157.5 -> 0 | CF12: =0/157.5 -> 0 | CG12: =0/157.5 -> 0 | CH12: =0/157.5 -> 0 | CI12: =0/157.5 -> 0 | CJ12: =0/172.5 -> 0 | CK12: =0/172.5 -> 0 | CL12: =0/172.5 -> 0 | CM12: =0/142.5 -> 0 | CN12: =0/142.5 -> 0 | CO12: =0/142.5 -> 0 | CP12: =0/142.5 -> 0 | CQ12: =0/142.5 -> 0 | CR12: =0/172.5 -> 0 | CS12: =0/172.5 -> 0 | CT12: =0/172.5 -> 0
A13: 4 | B13: 完了 | C13: その他 | D13: 安藤 | E13: BT7 | F13: PBxxxxxxxx | G13: 【開発依頼】4631_PBxxxxxxxx_(90)バッチ機DISC使用率軽減対応 | H13: =SUM(AZ13:BF13) -> 0 | I13: =SUM(AZ14:BF14) -> 0 | N13: 計画 | O13: =(5)/120 -> 0.041666667 | P13: =(0)/120 -> 0 | Q13: =(0)/120 -> 0 | R13: =(35)/120 -> 0.29166667 | S13: =(30)/120 -> 0.25 | T13: =(0)/120 -> 0 | U13: =(0)/120 -> 0 | V13: =(0)/142.5 -> 0 | W13: =(0)/142.5 -> 0 | X13: =(0)/142.5 -> 0 | Y13: =(0)/142.5 -> 0 | Z13: =(0)/142.5 -> 0 | AA13: =(0)/142.5 -> 0 | AB13: =(5)/165 -> 0.03030303 | AC13: =(0)/165 -> 0 | AD13: =(20)/165 -> 0.12121212 | AE13: =(0)/165 -> 0 | AF13: =(0)/165 -> 0 | AG13: =(25)/165 -> 0.15151515 | AH13: =(0)/165 -> 0 | AI13: =(0)/165 -> 0 | AJ13: =(0)/165 -> 0 | AK13: =(0)/165 -> 0 | AL13: =(0)/165 -> 0 | AM13: =(0)/165 -> 0 | AN13: =0/157.5 -> 0 | AO13: =0/157.5 -> 0 | AP13: =0/157.5 -> 0 | AQ13: =0/157.5 -> 0 | AR13: =0/157.5 -> 0 | AS13: =0/165 -> 0 | AT13: =(2)/165 -> 0.012121212 | AU13: =(0)/165 -> 0 | AV13: =(10)/165 -> 0.060606061 | AW13: =(0)/165 -> 0 | AX13: =(0)/165 -> 0 | AY13: =(10)/165 -> 0.060606061 | AZ13: =(0)/150 -> 0 | BA13: =(0)/150 -> 0 | BB13: =(0)/150 -> 0 | BC13: =(0)/150 -> 0 | BD13: =(0)/150 -> 0 | BE13: =(0)/150 -> 0 | BF13: =(0)/150 -> 0 | BG13: =0/142.5 -> 0 | BH13: =0/142.5 -> 0 | BI13: =0/142.5 -> 0 | BJ13: =0/142.5 -> 0 | BK13: =0/142.5 -> 0 | BL13: =0/172.5 -> 0 | BM13: =0/172.5 -> 0 | BN13: =0/172.5 -> 0 | BO13: =0/157.5 -> 0 | BP13: =0/157.5 -> 0 | BQ13: =0/157.5 -> 0 | BR13: =0/157.5 -> 0 | BS13: =0/157.5 -> 0 | BT13: =0/172.5 -> 0 | BU13: =0/172.5 -> 0 | BV13: =0/172.5 -> 0 | BW13: =0/157.5 -> 0 | BX13: =0/157.5 -> 0 | BY13: =0/157.5 -> 0 | BZ13: =0/157.5 -> 0 | CA13: =0/157.5 -> 0 | CB13: =0/172.5 -> 0 | CC13: =0/172.5 -> 0 | CD13: =0/172.5 -> 0 | CE13: =0/157.5 -> 0 | CF13: =0/157.5 -> 0 | CG13: =0/157.5 -> 0 | CH13: =0/157.5 -> 0 | CI13: =0/157.5 -> 0 | CJ13: =0/172.5 -> 0 | CK13: =0/172.5 -> 0 | CL13: =0/172.5 -> 0 | CM13: =0/142.5 -> 0 | CN13: =0/142.5 -> 0 | CO13: =0/142.5 -> 0 | CP13: =0/142.5 -> 0 | CQ13: =0/142.5 -> 0 | CR13: =0/172.5 -> 0 | CS13: =0/172.5 -> 0 | CT13: =0/172.5 -> 0
N14: 実績 | O14: =(1.5+2+1+1.25)/120 -> 0.047916667 | P14: =(0)/120 -> 0 | Q14: =(0)/120 -> 0 | R14: =(3.5+15.5+7.5+7.5)/120 -> 0.28333333 | S14: =(7+3.5+11.5+4)/120 -> 0.21666667 | T14: =(0)/120 -> 0 | U14: =(0)/120 -> 0 | V14: =(0)/142.5 -> 0 | W14: =(0)/142.5 -> 0 | X14: =(0)/142.5 -> 0 | Y14: =(0)/142.5 -> 0 | Z14: =(0)/142.5 -> 0 | AA14: =(0)/142.5 -> 0 | AB14: =(1+2+1+1+0.5)/165 -> 0.033333333 | AC14: =(0)/165 -> 0 | AD14: =(1+16.5)/165 -> 0.10606061 | AE14: =(0)/165 -> 0 | AF14: =(0)/165 -> 0 | AG14: =(2+9.5+9)/165 -> 0.12424242 | AH14: =(0)/165 -> 0 | AI14: =(0)/165 -> 0 | AJ14: =(0)/165 -> 0 | AK14: =(0)/165 -> 0 | AL14: =(0)/165 -> 0 | AM14: =(0)/165 -> 0 | AN14: =0/157.5 -> 0 | AO14: =0/157.5 -> 0 | AP14: =0/157.5 -> 0 | AQ14: =0/157.5 -> 0 | AR14: =0/157.5 -> 0 | AS14: =0/165 -> 0 | AT14: =(0.5+1.5)/165 -> 0.012121212 | AU14: =(0)/165 -> 0 | AV14: =(7.25+2.5)/165 -> 0.059090909 | AW14: =(0)/165 -> 0 | AX14: =(0)/165 -> 0 | AY14: =(0+8.75)/165 -> 0.053030303 | AZ14: =(0)/150 -> 0 | BA14: =(0)/150 -> 0 | BB14: =(0)/150 -> 0 | BC14: =(0)/150 -> 0 | BD14: =(0)/150 -> 0 | BE14: =(0)/150 -> 0 | BF14: =(0)/150 -> 0 | BG14: =0/142.5 -> 0 | BH14: =0/142.5 -> 0 | BI14: =0/142.5 -> 0 | BJ14: =0/142.5 -> 0 | BK14: =0/142.5 -> 0 | BL14: =0/172.5 -> 0 | BM14: =0/172.5 -> 0 | BN14: =0/172.5 -> 0 | BO14: =0/157.5 -> 0 | BP14: =0/157.5 -> 0 | BQ14: =0/157.5 -> 0 | BR14: =0/157.5 -> 0 | BS14: =0/157.5 -> 0 | BT14: =0/172.5 -> 0 | BU14: =0/172.5 -> 0 | BV14: =0/172.5 -> 0 | BW14: =0/157.5 -> 0 | BX14: =0/157.5 -> 0 | BY14: =0/157.5 -> 0 | BZ14: =0/157.5 -> 0 | CA14: =0/157.5 -> 0 | CB14: =0/172.5 -> 0 | CC14: =0/172.5 -> 0 | CD14: =0/172.5 -> 0 | CE14: =0/157.5 -> 0 | CF14: =0/157.5 -> 0 | CG14: =0/157.5 -> 0 | CH14: =0/157.5 -> 0 | CI14: =0/157.5 -> 0 | CJ14: =0/172.5 -> 0 | CK14: =0/172.5 -> 0 | CL14: =0/172.5 -> 0 | CM14: =0/142.5 -> 0 | CN14: =0/142.5 -> 0 | CO14: =0/142.5 -> 0 | CP14: =0/142.5 -> 0 | CQ14: =0/142.5 -> 0 | CR14: =0/172.5 -> 0 | CS14: =0/172.5 -> 0 | CT14: =0/172.5 -> 0
A15: 5 | B15: 着手中 | C15: 定型 | D15: 山田 | E15: F201 | F15: PB00202063 | G15: 【定型】信用取引金利優遇条件設定依頼 | H15: =SUM(AZ15:BF15) -> 0 | I15: =SUM(AZ16:BF16) -> 0 | N15: 計画 | O15: =(5)/120 -> 0.041666667 | P15: =(0)/120 -> 0 | Q15: =(0)/120 -> 0 | R15: =(0)/120 -> 0 | S15: =(15)/120 -> 0.125 | T15: =(25)/120 -> 0.20833333 | U15: =(0)/120 -> 0 | V15: =(0)/142.5 -> 0 | W15: =(0)/142.5 -> 0 | X15: =(0)/142.5 -> 0 | Y15: =(0)/142.5 -> 0 | Z15: =(0)/142.5 -> 0 | AA15: =(0)/142.5 -> 0 | AB15: =0/165 -> 0 | AC15: =0/165 -> 0 | AD15: =0/165 -> 0 | AE15: =0/165 -> 0 | AF15: =0/165 -> 0 | AG15: =0/165 -> 0 | AH15: =(0)/165 -> 0 | AI15: =(0)/165 -> 0 | AJ15: =(0)/165 -> 0 | AK15: =(0)/165 -> 0 | AL15: =(0)/165 -> 0 | AM15: =(0)/165 -> 0 | AN15: =0/157.5 -> 0 | AO15: =0/157.5 -> 0 | AP15: =0/157.5 -> 0 | AQ15: =0/157.5 -> 0 | AR15: =0/157.5 -> 0 | AS15: =0/165 -> 0 | AT15: =0/172.5 -> 0 | AU15: =0/172.5 -> 0 | AV15: =0/172.5 -> 0 | AW15: =0/172.5 -> 0 | AX15: =0/172.5 -> 0 | AY15: =0/172.5 -> 0 | AZ15: =(0)/150 -> 0 | BA15: =(0)/150 -> 0 | BB15: =(0)/150 -> 0 | BC15: =(0)/150 -> 0 | BD15: =(0)/150 -> 0 | BE15: =(0)/150 -> 0 | BF15: =(0)/150 -> 0 | BG15: =0/142.5 -> 0 | BH15: =0/142.5 -> 0 | BI15: =0/142.5 -> 0 | BJ15: =0/142.5 -> 0 | BK15: =0/142.5 -> 0 | BL15: =0/172.5 -> 0 | BM15: =0/172.5 -> 0 | BN15: =0/172.5 -> 0 | BO15: =0/157.5 -> 0 | BP15: =0/157.5 -> 0 | BQ15: =0/157.5 -> 0 | BR15: =0/157.5 -> 0 | BS15: =0/157.5 -> 0 | BT15: =0/172.5 -> 0 | BU15: =0/172.5 -> 0 | BV15: =0/172.5 -> 0 | BW15: =0/157.5 -> 0 | BX15: =0/157.5 -> 0 | BY15: =0/157.5 -> 0 | BZ15: =0/157.5 -> 0 | CA15: =0/157.5 -> 0 | CB15: =0/172.5 -> 0 | CC15: =0/172.5 -> 0 | CD15: =0/172.5 -> 0 | CE15: =0/157.5 -> 0 | CF15: =0/157.5 -> 0 | CG15: =0/157.5 -> 0 | CH15: =0/157.5 -> 0 | CI15: =0/157.5 -> 0 | CJ15: =0/172.5 -> 0 | CK15: =0/172.5 -> 0 | CL15: =0/172.5 -> 0 | CM15: =0/142.5 -> 0 | CN15: =0/142.5 -> 0 | CO15: =0/142.5 -> 0 | CP15: =0/142.5 -> 0 | CQ15: =0/142.5 -> 0 | CR15: =0/172.5 -> 0 | CS15: =0/172.5 -> 0 | CT15: =0/172.5 -> 0
N16: 実績 | O16: =(0+3+1+0.75+1.25)/120 -> 0.05 | P16: =(0)/120 -> 0 | Q16: =(0)/120 -> 0 | R16: =(0)/120 -> 0 | S16: =(0+10+1+3.5)/120 -> 0.12083333 | T16: =(5+6.5+4+2.5)/120 -> 0.15 | U16: =(0)/120 -> 0 | V16: =(0)/142.5 -> 0 | W16: =(0)/142.5 -> 0 | X16: =(0)/142.5 -> 0 | Y16: =(0)/142.5 -> 0 | Z16: =(0)/142.5 -> 0 | AA16: =(0)/142.5 -> 0 | AB16: =0/165 -> 0 | AC16: =0/165 -> 0 | AD16: =0/165 -> 0 | AE16: =0/165 -> 0 | AF16: =0/165 -> 0 | AG16: =0/165 -> 0 | AH16: =(0)/165 -> 0 | AI16: =(0)/165 -> 0 | AJ16: =(0)/165 -> 0 | AK16: =(0)/165 -> 0 | AL16: =(0)/165 -> 0 | AM16: =(0)/165 -> 0 | AN16: =0/157.5 -> 0 | AO16: =0/157.5 -> 0 | AP16: =0/157.5 -> 0 | AQ16: =0/157.5 -> 0 | AR16: =0/157.5 -> 0 | AS16: =0/165 -> 0 | AT16: =0/172.5 -> 0 | AU16: =0/172.5 -> 0 | AV16: =0/172.5 -> 0 | AW16: =0/172.5 -> 0 | AX16: =0/172.5 -> 0 | AY16: =0/172.5 -> 0 | AZ16: =(0)/150 -> 0 | BA16: =(0)/150 -> 0 | BB16: =(0)/150 -> 0 | BC16: =(0)/150 -> 0 | BD16: =(0)/150 -> 0 | BE16: =(0)/150 -> 0 | BF16: =(0)/150 -> 0 | BG16: =0/142.5 -> 0 | BH16: =0/142.5 -> 0 | BI16: =0/142.5 -> 0 | BJ16: =0/142.5 -> 0 | BK16: =0/142.5 -> 0 | BL16: =0/172.5 -> 0 | BM16: =0/172.5 -> 0 | BN16: =0/172.5 -> 0 | BO16: =0/157.5 -> 0 | BP16: =0/157.5 -> 0 | BQ16: =0/157.5 -> 0 | BR16: =0/157.5 -> 0 | BS16: =0/157.5 -> 0 | BT16: =0/172.5 -> 0 | BU16: =0/172.5 -> 0 | BV16: =0/172.5 -> 0 | BW16: =0/157.5 -> 0 | BX16: =0/157.5 -> 0 | BY16: =0/157.5 -> 0 | BZ16: =0/157.5 -> 0 | CA16: =0/157.5 -> 0 | CB16: =0/172.5 -> 0 | CC16: =0/172.5 -> 0 | CD16: =0/172.5 -> 0 | CE16: =0/157.5 -> 0 | CF16: =0/157.5 -> 0 | CG16: =0/157.5 -> 0 | CH16: =0/157.5 -> 0 | CI16: =0/157.5 -> 0 | CJ16: =0/172.5 -> 0 | CK16: =0/172.5 -> 0 | CL16: =0/172.5 -> 0 | CM16: =0/142.5 -> 0 | CN16: =0/142.5 -> 0 | CO16: =0/142.5 -> 0 | CP16: =0/142.5 -> 0 | CQ16: =0/142.5 -> 0 | CR16: =0/172.5 -> 0 | CS16: =0/172.5 -> 0 | CT16: =0/172.5 -> 0
A17: 6 | B17: 完了 | C17: その他 | D17: 永盛 | E17: PR15 | F17: PD00400226 | G17: 【LISA】【フィデア】(1E)(1Y)銀行合併対応 開発フェーズ（LISA） | H17: =SUM(AZ17:BF17) -> 0 | I17: =SUM(AZ18:BF18) -> 0 | N17: 計画 | O17: =(2)/120 -> 0.016666667 | P17: =(0)/120 -> 0 | Q17: =(3)/120 -> 0.025 | R17: =(0)/120 -> 0 | S17: =(0)/120 -> 0 | T17: =(0)/120 -> 0 | U17: =(0)/120 -> 0 | V17: =(3)/142.5 -> 0.021052632 | W17: =(0)/142.5 -> 0 | X17: =(5)/142.5 -> 0.035087719 | Y17: =(0)/142.5 -> 0 | Z17: =(0)/142.5 -> 0 | AA17: =(0)/142.5 -> 0 | AB17: =(5)/165 -> 0.03030303 | AC17: =(0)/165 -> 0 | AD17: =(5)/165 -> 0.03030303 | AE17: =(0)/165 -> 0 | AF17: =(0)/165 -> 0 | AG17: =(0)/165 -> 0 | AH17: =(0)/165 -> 0 | AI17: =(0)/165 -> 0 | AJ17: =(0)/165 -> 0 | AK17: =(0)/165 -> 0 | AL17: =(0)/165 -> 0 | AM17: =(0)/165 -> 0 | AN17: =0/157.5 -> 0 | AO17: =0/157.5 -> 0 | AP17: =0/157.5 -> 0 | AQ17: =0/157.5 -> 0 | AR17: =0/157.5 -> 0 | AS17: =0/165 -> 0 | AT17: =0/172.5 -> 0 | AU17: =0/172.5 -> 0 | AV17: =0/172.5 -> 0 | AW17: =0/172.5 -> 0 | AX17: =0/172.5 -> 0 | AY17: =0/172.5 -> 0 | AZ17: =(0)/150 -> 0 | BA17: =(0)/150 -> 0 | BB17: =(0)/150 -> 0 | BC17: =(0)/150 -> 0 | BD17: =(0)/150 -> 0 | BE17: =(0)/150 -> 0 | BF17: =(0)/150 -> 0 | BG17: =0/142.5 -> 0 | BH17: =0/142.5 -> 0 | BI17: =0/142.5 -> 0 | BJ17: =0/142.5 -> 0 | BK17: =0/142.5 -> 0 | BL17: =0/172.5 -> 0 | BM17: =0/172.5 -> 0 | BN17: =0/172.5 -> 0 | BO17: =0/157.5 -> 0 | BP17: =0/157.5 -> 0 | BQ17: =0/157.5 -> 0 | BR17: =0/157.5 -> 0 | BS17: =0/157.5 -> 0 | BT17: =0/172.5 -> 0 | BU17: =0/172.5 -> 0 | BV17: =0/172.5 -> 0 | BW17: =0/157.5 -> 0 | BX17: =0/157.5 -> 0 | BY17: =0/157.5 -> 0 | BZ17: =0/157.5 -> 0 | CA17: =0/157.5 -> 0 | CB17: =0/172.5 -> 0 | CC17: =0/172.5 -> 0 | CD17: =0/172.5 -> 0 | CE17: =0/157.5 -> 0 | CF17: =0/157.5 -> 0 | CG17: =0/157.5 -> 0 | CH17: =0/157.5 -> 0 | CI17: =0/157.5 -> 0 | CJ17: =0/172.5 -> 0 | CK17: =0/172.5 -> 0 | CL17: =0/172.5 -> 0 | CM17: =0/142.5 -> 0 | CN17: =0/142.5 -> 0 | CO17: =0/142.5 -> 0 | CP17: =0/142.5 -> 0 | CQ17: =0/142.5 -> 0 | CR17: =0/172.5 -> 0 | CS17: =0/172.5 -> 0 | CT17: =0/172.5 -> 0
N18: 実績 | O18: =(0+1)/120 -> 0.0083333333 | P18: =(0)/120 -> 0 | Q18: =(1+1)/120 -> 0.016666667 | R18: =(0)/120 -> 0 | S18: =(0)/120 -> 0 | T18: =(0)/120 -> 0 | U18: =(0)/120 -> 0 | V18: =(1.5)/142.5 -> 0.010526316 | W18: =(0)/142.5 -> 0 | X18: =(3)/142.5 -> 0.021052632 | Y18: =(0)/142.5 -> 0 | Z18: =(0)/142.5 -> 0 | AA18: =(0)/142.5 -> 0 | AB18: =(1)/165 -> 0.0060606061 | AC18: =(0)/165 -> 0 | AD18: =(2+3)/165 -> 0.03030303 | AE18: =(0)/165 -> 0 | AF18: =(0)/165 -> 0 | AG18: =(0)/165 -> 0 | AH18: =(0)/165 -> 0 | AI18: =(0)/165 -> 0 | AJ18: =(0)/165 -> 0 | AK18: =(0)/165 -> 0 | AL18: =(0)/165 -> 0 | AM18: =(0)/165 -> 0 | AN18: =0/157.5 -> 0 | AO18: =0/157.5 -> 0 | AP18: =0/157.5 -> 0 | AQ18: =0/157.5 -> 0 | AR18: =0/157.5 -> 0 | AS18: =0/165 -> 0 | AT18: =0/172.5 -> 0 | AU18: =0/172.5 -> 0 | AV18: =0/172.5 -> 0 | AW18: =0/172.5 -> 0 | AX18: =0/172.5 -> 0 | AY18: =0/172.5 -> 0 | AZ18: =(0)/150 -> 0 | BA18: =(0)/150 -> 0 | BB18: =(0)/150 -> 0 | BC18: =(0)/150 -> 0 | BD18: =(0)/150 -> 0 | BE18: =(0)/150 -> 0 | BF18: =(0)/150 -> 0 | BG18: =0/142.5 -> 0 | BH18: =0/142.5 -> 0 | BI18: =0/142.5 -> 0 | BJ18: =0/142.5 -> 0 | BK18: =0/142.5 -> 0 | BL18: =0/172.5 -> 0 | BM18: =0/172.5 -> 0 | BN18: =0/172.5 -> 0 | BO18: =0/157.5 -> 0 | BP18: =0/157.5 -> 0 | BQ18: =0/157.5 -> 0 | BR18: =0/157.5 -> 0 | BS18: =0/157.5 -> 0 | BT18: =0/172.5 -> 0 | BU18: =0/172.5 -> 0 | BV18: =0/172.5 -> 0 | BW18: =0/157.5 -> 0 | BX18: =0/157.5 -> 0 | BY18: =0/157.5 -> 0 | BZ18: =0/157.5 -> 0 | CA18: =0/157.5 -> 0 | CB18: =0/172.5 -> 0 | CC18: =0/172.5 -> 0 | CD18: =0/172.5 -> 0 | CE18: =0/157.5 -> 0 | CF18: =0/157.5 -> 0 | CG18: =0/157.5 -> 0 | CH18: =0/157.5 -> 0 | CI18: =0/157.5 -> 0 | CJ18: =0/172.5 -> 0 | CK18: =0/172.5 -> 0 | CL18: =0/172.5 -> 0 | CM18: =0/142.5 -> 0 | CN18: =0/142.5 -> 0 | CO18: =0/142.5 -> 0 | CP18: =0/142.5 -> 0 | CQ18: =0/142.5 -> 0 | CR18: =0/172.5 -> 0 | CS18: =0/172.5 -> 0 | CT18: =0/172.5 -> 0
A19: 7 | B19: 完了 | C19: 定型 | D19: 山田 | E19: F202 | F19: PB00202062 | G19: 【定型】投資家画面の文言変更 | H19: =SUM(AZ19:BF19) -> 0 | I19: =SUM(AZ20:BF20) -> 0 | N19: 計画 | O19: =(12)/120 -> 0.1 | P19: =(0)/120 -> 0 | Q19: =(0)/120 -> 0 | R19: =(25)/120 -> 0.20833333 | S19: =(0)/120 -> 0 | T19: =(0)/120 -> 0 | U19: =(15)/120 -> 0.125 | V19: =(0)/142.5 -> 0 | W19: =(0)/142.5 -> 0 | X19: =(0)/142.5 -> 0 | Y19: =(0)/142.5 -> 0 | Z19: =(0)/142.5 -> 0 | AA19: =(0)/142.5 -> 0 | AB19: =0/165 -> 0 | AC19: =0/165 -> 0 | AD19: =0/165 -> 0 | AE19: =0/165 -> 0 | AF19: =0/165 -> 0 | AG19: =0/165 -> 0 | AH19: =(0)/165 -> 0 | AI19: =(0)/165 -> 0 | AJ19: =(0)/165 -> 0 | AK19: =(0)/165 -> 0 | AL19: =(0)/165 -> 0 | AM19: =(0)/165 -> 0 | AN19: =0/157.5 -> 0 | AO19: =0/157.5 -> 0 | AP19: =0/157.5 -> 0 | AQ19: =0/157.5 -> 0 | AR19: =0/157.5 -> 0 | AS19: =0/165 -> 0 | AT19: =0/172.5 -> 0 | AU19: =0/172.5 -> 0 | AV19: =0/172.5 -> 0 | AW19: =0/172.5 -> 0 | AX19: =0/172.5 -> 0 | AY19: =0/172.5 -> 0 | AZ19: =(0)/150 -> 0 | BA19: =(0)/150 -> 0 | BB19: =(0)/150 -> 0 | BC19: =(0)/150 -> 0 | BD19: =(0)/150 -> 0 | BE19: =(0)/150 -> 0 | BF19: =(0)/150 -> 0 | BG19: =0/142.5 -> 0 | BH19: =0/142.5 -> 0 | BI19: =0/142.5 -> 0 | BJ19: =0/142.5 -> 0 | BK19: =0/142.5 -> 0 | BL19: =0/172.5 -> 0 | BM19: =0/172.5 -> 0 | BN19: =0/172.5 -> 0 | BO19: =0/157.5 -> 0 | BP19: =0/157.5 -> 0 | BQ19: =0/157.5 -> 0 | BR19: =0/157.5 -> 0 | BS19: =0/157.5 -> 0 | BT19: =0/172.5 -> 0 | BU19: =0/172.5 -> 0 | BV19: =0/172.5 -> 0 | BW19: =0/157.5 -> 0 | BX19: =0/157.5 -> 0 | BY19: =0/157.5 -> 0 | BZ19: =0/157.5 -> 0 | CA19: =0/157.5 -> 0 | CB19: =0/172.5 -> 0 | CC19: =0/172.5 -> 0 | CD19: =0/172.5 -> 0 | CE19: =0/157.5 -> 0 | CF19: =0/157.5 -> 0 | CG19: =0/157.5 -> 0 | CH19: =0/157.5 -> 0 | CI19: =0/157.5 -> 0 | CJ19: =0/172.5 -> 0 | CK19: =0/172.5 -> 0 | CL19: =0/172.5 -> 0 | CM19: =0/142.5 -> 0 | CN19: =0/142.5 -> 0 | CO19: =0/142.5 -> 0 | CP19: =0/142.5 -> 0 | CQ19: =0/142.5 -> 0 | CR19: =0/172.5 -> 0 | CS19: =0/172.5 -> 0 | CT19: =0/172.5 -> 0
N20: 実績 | O20: =(1+4.75+0.5)/120 -> 0.052083333 | P20: =(0)/120 -> 0 | Q20: =(0)/120 -> 0 | R20: =(3.5+16+6+2.5)/120 -> 0.23333333 | S20: =(0)/120 -> 0 | T20: =(0)/120 -> 0 | U20: =(3.5+9+2)/120 -> 0.12083333 | V20: =(0)/142.5 -> 0 | W20: =(0)/142.5 -> 0 | X20: =(0)/142.5 -> 0 | Y20: =(0)/142.5 -> 0 | Z20: =(0)/142.5 -> 0 | AA20: =(0)/142.5 -> 0 | AB20: =0/165 -> 0 | AC20: =0/165 -> 0 | AD20: =0/165 -> 0 | AE20: =0/165 -> 0 | AF20: =0/165 -> 0 | AG20: =0/165 -> 0 | AH20: =(0)/165 -> 0 | AI20: =(0)/165 -> 0 | AJ20: =(0)/165 -> 0 | AK20: =(0)/165 -> 0 | AL20: =(0)/165 -> 0 | AM20: =(0)/165 -> 0 | AN20: =0/157.5 -> 0 | AO20: =0/157.5 -> 0 | AP20: =0/157.5 -> 0 | AQ20: =0/157.5 -> 0 | AR20: =0/157.5 -> 0 | AS20: =0/165 -> 0 | AT20: =0/172.5 -> 0 | AU20: =0/172.5 -> 0 | AV20: =0/172.5 -> 0 | AW20: =0/172.5 -> 0 | AX20: =0/172.5 -> 0 | AY20: =0/172.5 -> 0 | AZ20: =(0)/150 -> 0 | BA20: =(0)/150 -> 0 | BB20: =(0)/150 -> 0 | BC20: =(0)/150 -> 0 | BD20: =(0)/150 -> 0 | BE20: =(0)/150 -> 0 | BF20: =(0)/150 -> 0 | BG20: =0/142.5 -> 0 | BH20: =0/142.5 -> 0 | BI20: =0/142.5 -> 0 | BJ20: =0/142.5 -> 0 | BK20: =0/142.5 -> 0 | BL20: =0/172.5 -> 0 | BM20: =0/172.5 -> 0 | BN20: =0/172.5 -> 0 | BO20: =0/157.5 -> 0 | BP20: =0/157.5 -> 0 | BQ20: =0/157.5 -> 0 | BR20: =0/157.5 -> 0 | BS20: =0/157.5 -> 0 | BT20: =0/172.5 -> 0 | BU20: =0/172.5 -> 0 | BV20: =0/172.5 -> 0 | BW20: =0/157.5 -> 0 | BX20: =0/157.5 -> 0 | BY20: =0/157.5 -> 0 | BZ20: =0/157.5 -> 0 | CA20: =0/157.5 -> 0 | CB20: =0/172.5 -> 0 | CC20: =0/172.5 -> 0 | CD20: =0/172.5 -> 0 | CE20: =0/157.5 -> 0 | CF20: =0/157.5 -> 0 | CG20: =0/157.5 -> 0 | CH20: =0/157.5 -> 0 | CI20: =0/157.5 -> 0 | CJ20: =0/172.5 -> 0 | CK20: =0/172.5 -> 0 | CL20: =0/172.5 -> 0 | CM20: =0/142.5 -> 0 | CN20: =0/142.5 -> 0 | CO20: =0/142.5 -> 0 | CP20: =0/142.5 -> 0 | CQ20: =0/142.5 -> 0 | CR20: =0/172.5 -> 0 | CS20: =0/172.5 -> 0 | CT20: =0/172.5 -> 0
A21: 8 | B21: 完了 | C21: 定型 | D21: 山田 | E21: F203 | F21: PB00202085 | G21: 【定型】株式委託手数料プランの名前変更 | H21: =SUM(AZ21:BF21) -> 0 | I21: =SUM(AZ22:BF22) -> 0 | N21: 計画 | O21: =(5)/120 -> 0.041666667 | P21: =(0)/120 -> 0 | Q21: =(0)/120 -> 0 | R21: =(0)/120 -> 0 | S21: =(0)/120 -> 0 | T21: =(30)/120 -> 0.25 | U21: =(0)/120 -> 0 | V21: =(0)/142.5 -> 0 | W21: =(0)/142.5 -> 0 | X21: =(0)/142.5 -> 0 | Y21: =(0)/142.5 -> 0 | Z21: =(0)/142.5 -> 0 | AA21: =(0)/142.5 -> 0 | AB21: =0/165 -> 0 | AC21: =0/165 -> 0 | AD21: =0/165 -> 0 | AE21: =0/165 -> 0 | AF21: =0/165 -> 0 | AG21: =0/165 -> 0 | AH21: =(0)/165 -> 0 | AI21: =(0)/165 -> 0 | AJ21: =(0)/165 -> 0 | AK21: =(0)/165 -> 0 | AL21: =(0)/165 -> 0 | AM21: =(0)/165 -> 0 | AN21: =0/157.5 -> 0 | AO21: =0/157.5 -> 0 | AP21: =0/157.5 -> 0 | AQ21: =0/157.5 -> 0 | AR21: =0/157.5 -> 0 | AS21: =0/165 -> 0 | AT21: =0/172.5 -> 0 | AU21: =0/172.5 -> 0 | AV21: =0/172.5 -> 0 | AW21: =0/172.5 -> 0 | AX21: =0/172.5 -> 0 | AY21: =0/172.5 -> 0 | AZ21: =(0)/150 -> 0 | BA21: =(0)/150 -> 0 | BB21: =(0)/150 -> 0 | BC21: =(0)/150 -> 0 | BD21: =(0)/150 -> 0 | BE21: =(0)/150 -> 0 | BF21: =(0)/150 -> 0 | BG21: =0/142.5 -> 0 | BH21: =0/142.5 -> 0 | BI21: =0/142.5 -> 0 | BJ21: =0/142.5 -> 0 | BK21: =0/142.5 -> 0 | BL21: =0/172.5 -> 0 | BM21: =0/172.5 -> 0 | BN21: =0/172.5 -> 0 | BO21: =0/157.5 -> 0 | BP21: =0/157.5 -> 0 | BQ21: =0/157.5 -> 0 | BR21: =0/157.5 -> 0 | BS21: =0/157.5 -> 0 | BT21: =0/172.5 -> 0 | BU21: =0/172.5 -> 0 | BV21: =0/172.5 -> 0 | BW21: =0/157.5 -> 0 | BX21: =0/157.5 -> 0 | BY21: =0/157.5 -> 0 | BZ21: =0/157.5 -> 0 | CA21: =0/157.5 -> 0 | CB21: =0/172.5 -> 0 | CC21: =0/172.5 -> 0 | CD21: =0/172.5 -> 0 | CE21: =0/157.5 -> 0 | CF21: =0/157.5 -> 0 | CG21: =0/157.5 -> 0 | CH21: =0/157.5 -> 0 | CI21: =0/157.5 -> 0 | CJ21: =0/172.5 -> 0 | CK21: =0/172.5 -> 0 | CL21: =0/172.5 -> 0 | CM21: =0/142.5 -> 0 | CN21: =0/142.5 -> 0 | CO21: =0/142.5 -> 0 | CP21: =0/142.5 -> 0 | CQ21: =0/142.5 -> 0 | CR21: =0/172.5 -> 0 | CS21: =0/172.5 -> 0 | CT21: =0/172.5 -> 0
N22: 実績 | O22: =(1.5+3.75+1+0.75)/120 -> 0.058333333 | P22: =(0)/120 -> 0 | Q22: =(0)/120 -> 0 | R22: =(0)/120 -> 0 | S22: =(0+1)/120 -> 0.0083333333 | T22: =(0+13.5+6+2.5)/120 -> 0.18333333 | U22: =(0)/120 -> 0 | V22: =(0)/142.5 -> 0 | W22: =(0)/142.5 -> 0 | X22: =(0)/142.5 -> 0 | Y22: =(0)/142.5 -> 0 | Z22: =(0)/142.5 -> 0 | AA22: =(0)/142.5 -> 0 | AB22: =0/165 -> 0 | AC22: =0/165 -> 0 | AD22: =0/165 -> 0 | AE22: =0/165 -> 0 | AF22: =0/165 -> 0 | AG22: =0/165 -> 0 | AH22: =(0)/165 -> 0 | AI22: =(0)/165 -> 0 | AJ22: =(0)/165 -> 0 | AK22: =(0)/165 -> 0 | AL22: =(0)/165 -> 0 | AM22: =(0)/165 -> 0 | AN22: =0/157.5 -> 0 | AO22: =0/157.5 -> 0 | AP22: =0/157.5 -> 0 | AQ22: =0/157.5 -> 0 | AR22: =0/157.5 -> 0 | AS22: =0/165 -> 0 | AT22: =0/172.5 -> 0 | AU22: =0/172.5 -> 0 | AV22: =0/172.5 -> 0 | AW22: =0/172.5 -> 0 | AX22: =0/172.5 -> 0 | AY22: =0/172.5 -> 0 | AZ22: =(0)/150 -> 0 | BA22: =(0)/150 -> 0 | BB22: =(0)/150 -> 0 | BC22: =(0)/150 -> 0 | BD22: =(0)/150 -> 0 | BE22: =(0)/150 -> 0 | BF22: =(0)/150 -> 0 | BG22: =0/142.5 -> 0 | BH22: =0/142.5 -> 0 | BI22: =0/142.5 -> 0 | BJ22: =0/142.5 -> 0 | BK22: =0/142.5 -> 0 | BL22: =0/172.5 -> 0 | BM22: =0/172.5 -> 0 | BN22: =0/172.5 -> 0 | BO22: =0/157.5 -> 0 | BP22: =0/157.5 -> 0 | BQ22: =0/157.5 -> 0 | BR22: =0/157.5 -> 0 | BS22: =0/157.5 -> 0 | BT22: =0/172.5 -> 0 | BU22: =0/172.5 -> 0 | BV22: =0/172.5 -> 0 | BW22: =0/157.5 -> 0 | BX22: =0/157.5 -> 0 | BY22: =0/157.5 -> 0 | BZ22: =0/157.5 -> 0 | CA22: =0/157.5 -> 0 | CB22: =0/172.5 -> 0 | CC22: =0/172.5 -> 0 | CD22: =0/172.5 -> 0 | CE22: =0/157.5 -> 0 | CF22: =0/157.5 -> 0 | CG22: =0/157.5 -> 0 | CH22: =0/157.5 -> 0 | CI22: =0/157.5 -> 0 | CJ22: =0/172.5 -> 0 | CK22: =0/172.5 -> 0 | CL22: =0/172.5 -> 0 | CM22: =0/142.5 -> 0 | CN22: =0/142.5 -> 0 | CO22: =0/142.5 -> 0 | CP22: =0/142.5 -> 0 | CQ22: =0/142.5 -> 0 | CR22: =0/172.5 -> 0 | CS22: =0/172.5 -> 0 | CT22: =0/172.5 -> 0
A23: 9 | B23: 完了 | C23: 定型 | D23: 山田 | E23: F204 | G23: 【定型】クイック入金ページの注意文言修正依頼 | H23: =SUM(AZ23:BF23) -> 0 | I23: =SUM(AZ24:BF24) -> 0 | N23: 計画 | O23: =(5)/120 -> 0.041666667 | P23: =(0)/120 -> 0 | Q23: =(6.5)/120 -> 0.054166667 | R23: =(0)/120 -> 0 | S23: =(11.5)/120 -> 0.095833333 | T23: =(0)/120 -> 0 | U23: =(2)/120 -> 0.016666667 | V23: =(0)/142.5 -> 0 | W23: =(0)/142.5 -> 0 | X23: =(0)/142.5 -> 0 | Y23: =(0)/142.5 -> 0 | Z23: =(0)/142.5 -> 0 | AA23: =(0)/142.5 -> 0 | AB23: =0/165 -> 0 | AC23: =0/165 -> 0 | AD23: =0/165 -> 0 | AE23: =0/165 -> 0 | AF23: =0/165 -> 0 | AG23: =0/165 -> 0 | AH23: =(0)/165 -> 0 | AI23: =(0)/165 -> 0 | AJ23: =(0)/165 -> 0 | AK23: =(0)/165 -> 0 | AL23: =(0)/165 -> 0 | AM23: =(0)/165 -> 0 | AN23: =0/157.5 -> 0 | AO23: =0/157.5 -> 0 | AP23: =0/157.5 -> 0 | AQ23: =0/157.5 -> 0 | AR23: =0/157.5 -> 0 | AS23: =0/165 -> 0 | AT23: =0/172.5 -> 0 | AU23: =0/172.5 -> 0 | AV23: =0/172.5 -> 0 | AW23: =0/172.5 -> 0 | AX23: =0/172.5 -> 0 | AY23: =0/172.5 -> 0 | AZ23: =(0)/150 -> 0 | BA23: =(0)/150 -> 0 | BB23: =(0)/150 -> 0 | BC23: =(0)/150 -> 0 | BD23: =(0)/150 -> 0 | BE23: =(0)/150 -> 0 | BF23: =(0)/150 -> 0 | BG23: =0/142.5 -> 0 | BH23: =0/142.5 -> 0 | BI23: =0/142.5 -> 0 | BJ23: =0/142.5 -> 0 | BK23: =0/142.5 -> 0 | BL23: =0/172.5 -> 0 | BM23: =0/172.5 -> 0 | BN23: =0/172.5 -> 0 | BO23: =0/157.5 -> 0 | BP23: =0/157.5 -> 0 | BQ23: =0/157.5 -> 0 | BR23: =0/157.5 -> 0 | BS23: =0/157.5 -> 0 | BT23: =0/172.5 -> 0 | BU23: =0/172.5 -> 0 | BV23: =0/172.5 -> 0 | BW23: =0/157.5 -> 0 | BX23: =0/157.5 -> 0 | BY23: =0/157.5 -> 0 | BZ23: =0/157.5 -> 0 | CA23: =0/157.5 -> 0 | CB23: =0/172.5 -> 0 | CC23: =0/172.5 -> 0 | CD23: =0/172.5 -> 0 | CE23: =0/157.5 -> 0 | CF23: =0/157.5 -> 0 | CG23: =0/157.5 -> 0 | CH23: =0/157.5 -> 0 | CI23: =0/157.5 -> 0 | CJ23: =0/172.5 -> 0 | CK23: =0/172.5 -> 0 | CL23: =0/172.5 -> 0 | CM23: =0/142.5 -> 0 | CN23: =0/142.5 -> 0 | CO23: =0/142.5 -> 0 | CP23: =0/142.5 -> 0 | CQ23: =0/142.5 -> 0 | CR23: =0/172.5 -> 0 | CS23: =0/172.5 -> 0 | CT23: =0/172.5 -> 0
N24: 実績 | O24: =(0+3+0.5+0.75)/120 -> 0.035416667 | P24: =(0)/120 -> 0 | Q24: =(0+2+2+2)/120 -> 0.05 | R24: =(0)/120 -> 0 | S24: =(0+9.5+2)/120 -> 0.095833333 | T24: =(0)/120 -> 0 | U24: =(0+2)/120 -> 0.016666667 | V24: =(0)/142.5 -> 0 | W24: =(0)/142.5 -> 0 | X24: =(0)/142.5 -> 0 | Y24: =(0)/142.5 -> 0 | Z24: =(0)/142.5 -> 0 | AA24: =(0)/142.5 -> 0 | AB24: =0/165 -> 0 | AC24: =0/165 -> 0 | AD24: =0/165 -> 0 | AE24: =0/165 -> 0 | AF24: =0/165 -> 0 | AG24: =0/165 -> 0 | AH24: =(0)/165 -> 0 | AI24: =(0)/165 -> 0 | AJ24: =(0)/165 -> 0 | AK24: =(0)/165 -> 0 | AL24: =(0)/165 -> 0 | AM24: =(0)/165 -> 0 | AN24: =0/157.5 -> 0 | AO24: =0/157.5 -> 0 | AP24: =0/157.5 -> 0 | AQ24: =0/157.5 -> 0 | AR24: =0/157.5 -> 0 | AS24: =0/165 -> 0 | AT24: =0/172.5 -> 0 | AU24: =0/172.5 -> 0 | AV24: =0/172.5 -> 0 | AW24: =0/172.5 -> 0 | AX24: =0/172.5 -> 0 | AY24: =0/172.5 -> 0 | AZ24: =(0)/150 -> 0 | BA24: =(0)/150 -> 0 | BB24: =(0)/150 -> 0 | BC24: =(0)/150 -> 0 | BD24: =(0)/150 -> 0 | BE24: =(0)/150 -> 0 | BF24: =(0)/150 -> 0 | BG24: =0/142.5 -> 0 | BH24: =0/142.5 -> 0 | BI24: =0/142.5 -> 0 | BJ24: =0/142.5 -> 0 | BK24: =0/142.5 -> 0 | BL24: =0/172.5 -> 0 | BM24: =0/172.5 -> 0 | BN24: =0/172.5 -> 0 | BO24: =0/157.5 -> 0 | BP24: =0/157.5 -> 0 | BQ24: =0/157.5 -> 0 | BR24: =0/157.5 -> 0 | BS24: =0/157.5 -> 0 | BT24: =0/172.5 -> 0 | BU24: =0/172.5 -> 0 | BV24: =0/172.5 -> 0 | BW24: =0/157.5 -> 0 | BX24: =0/157.5 -> 0 | BY24: =0/157.5 -> 0 | BZ24: =0/157.5 -> 0 | CA24: =0/157.5 -> 0 | CB24: =0/172.5 -> 0 | CC24: =0/172.5 -> 0 | CD24: =0/172.5 -> 0 | CE24: =0/157.5 -> 0 | CF24: =0/157.5 -> 0 | CG24: =0/157.5 -> 0 | CH24: =0/157.5 -> 0 | CI24: =0/157.5 -> 0 | CJ24: =0/172.5 -> 0 | CK24: =0/172.5 -> 0 | CL24: =0/172.5 -> 0 | CM24: =0/142.5 -> 0 | CN24: =0/142.5 -> 0 | CO24: =0/142.5 -> 0 | CP24: =0/142.5 -> 0 | CQ24: =0/142.5 -> 0 | CR24: =0/172.5 -> 0 | CS24: =0/172.5 -> 0 | CT24: =0/172.5 -> 0
A25: 10 | B25: 着手中 | C25: その他 | D25: 鈴木 | E25: EPM13 | F25: PC00115425 | G25: 4574_PC00115425_(全社)信用取引残高報告のフォーマット変更に係る対応 | H25: =SUM(AZ25:BF25) -> 0 | I25: =SUM(AZ26:BF26) -> 0 | N25: 計画 | O25: =(7)/120 -> 0.058333333 | P25: =(0)/120 -> 0 | Q25: =(45)/120 -> 0.375 | R25: =(0)/120 -> 0 | S25: =(0)/120 -> 0 | T25: =(0)/120 -> 0 | U25: =(45)/120 -> 0.375 | V25: =(3)/142.5 -> 0.021052632 | W25: =(0)/142.5 -> 0 | X25: =(15)/142.5 -> 0.10526316 | Y25: =(0)/142.5 -> 0 | Z25: =(0)/142.5 -> 0 | AA25: =(15)/142.5 -> 0.10526316 | AB25: =(0)/165 -> 0 | AC25: =(0)/165 -> 0 | AD25: =(0)/165 -> 0 | AE25: =(0)/165 -> 0 | AF25: =(0)/165 -> 0 | AG25: =(0)/165 -> 0 | AH25: =(0)/165 -> 0 | AI25: =(0)/165 -> 0 | ... AM25: =(0)/165 -> 0 | AN25: =0/157.5 -> 0 | AO25: =0/157.5 -> 0 | AP25: =0/157.5 -> 0 | AQ25: =0/157.5 -> 0 | AR25: =0/157.5 -> 0 | AS25: =0/165 -> 0 | AT25: =0/172.5 -> 0 | AU25: =0/172.5 -> 0 | AV25: =0/172.5 -> 0 | AW25: =0/172.5 -> 0 | AX25: =0/172.5 -> 0 | AY25: =0/172.5 -> 0 | AZ25: =(0)/150 -> 0 | BA25: =(0)/150 -> 0 | BB25: =(0)/150 -> 0 | BC25: =(0)/150 -> 0 | BD25: =(0)/150 -> 0 | BE25: =(0)/150 -> 0 | BF25: =(0)/150 -> 0 | BG25: =0/142.5 -> 0 | BH25: =0/142.5 -> 0 | BI25: =0/142.5 -> 0 | BJ25: =0/142.5 -> 0 | BK25: =0/142.5 -> 0 | BL25: =0/172.5 -> 0 | BM25: =0/172.5 -> 0 | BN25: =0/172.5 -> 0 | BO25: =0/157.5 -> 0 | BP25: =0/157.5 -> 0 | BQ25: =0/157.5 -> 0 | BR25: =0/157.5 -> 0 | BS25: =0/157.5 -> 0 | BT25: =0/172.5 -> 0 | BU25: =0/172.5 -> 0 | BV25: =0/172.5 -> 0 | BW25: =0/157.5 -> 0 | BX25: =0/157.5 -> 0 | BY25: =0/157.5 -> 0 | BZ25: =0/157.5 -> 0 | CA25: =0/157.5 -> 0 | CB25: =0/172.5 -> 0 | CC25: =0/172.5 -> 0 | CD25: =0/172.5 -> 0 | CE25: =0/157.5 -> 0 | CF25: =0/157.5 -> 0 | CG25: =0/157.5 -> 0 | CH25: =0/157.5 -> 0 | CI25: =0/157.5 -> 0 | CJ25: =0/172.5 -> 0 | CK25: =0/172.5 -> 0 | CL25: =0/172.5 -> 0 | CM25: =0/142.5 -> 0 | CN25: =0/142.5 -> 0 | CO25: =0/142.5 -> 0 | CP25: =0/142.5 -> 0 | CQ25: =0/142.5 -> 0 | CR25: =0/172.5 -> 0 | CS25: =0/172.5 -> 0 | CT25: =0/172.5 -> 0
N26: 実績 | O26: =(0+1.5+1+1+1.5)/120 -> 0.041666667 | P26: =(0)/120 -> 0 | Q26: =(0+8+11.5+19+6.5)/120 -> 0.375 | R26: =(0)/120 -> 0 | S26: =(0)/120 -> 0 | T26: =(0)/120 -> 0 | U26: =(0+6+13.5+17+6.5)/120 -> 0.35833333 | V26: =(0+1+2)/142.5 -> 0.021052632 | W26: =(0)/142.5 -> 0 | X26: =(6+4.5+4)/142.5 -> 0.10175439 | Y26: =(0)/142.5 -> 0 | Z26: =(0)/142.5 -> 0 | AA26: =(4+2)/142.5 -> 0.042105263 | AB26: =(0)/165 -> 0 | AC26: =(0)/165 -> 0 | AD26: =(0)/165 -> 0 | AE26: =(0)/165 -> 0 | AF26: =(0)/165 -> 0 | AG26: =(0)/165 -> 0 | AH26: =(0)/165 -> 0 | AI26: =(0)/165 -> 0 | ... AM26: =(0)/165 -> 0 | AN26: =0/157.5 -> 0 | AO26: =0/157.5 -> 0 | AP26: =0/157.5 -> 0 | AQ26: =0/157.5 -> 0 | AR26: =0/157.5 -> 0 | AS26: =0/165 -> 0 | AT26: =0/172.5 -> 0 | AU26: =0/172.5 -> 0 | AV26: =0/172.5 -> 0 | AW26: =0/172.5 -> 0 | AX26: =0/172.5 -> 0 | AY26: =0/172.5 -> 0 | AZ26: =(0)/150 -> 0 | BA26: =(0)/150 -> 0 | BB26: =(0)/150 -> 0 | BC26: =(0)/150 -> 0 | BD26: =(0)/150 -> 0 | BE26: =(0)/150 -> 0 | BF26: =(0)/150 -> 0 | BG26: =0/142.5 -> 0 | BH26: =0/142.5 -> 0 | BI26: =0/142.5 -> 0 | BJ26: =0/142.5 -> 0 | BK26: =0/142.5 -> 0 | BL26: =0/172.5 -> 0 | BM26: =0/172.5 -> 0 | BN26: =0/172.5 -> 0 | BO26: =0/157.5 -> 0 | BP26: =0/157.5 -> 0 | BQ26: =0/157.5 -> 0 | BR26: =0/157.5 -> 0 | BS26: =0/157.5 -> 0 | BT26: =0/172.5 -> 0 | BU26: =0/172.5 -> 0 | BV26: =0/172.5 -> 0 | BW26: =0/157.5 -> 0 | BX26: =0/157.5 -> 0 | BY26: =0/157.5 -> 0 | BZ26: =0/157.5 -> 0 | CA26: =0/157.5 -> 0 | CB26: =0/172.5 -> 0 | CC26: =0/172.5 -> 0 | CD26: =0/172.5 -> 0 | CE26: =0/157.5 -> 0 | CF26: =0/157.5 -> 0 | CG26: =0/157.5 -> 0 | CH26: =0/157.5 -> 0 | CI26: =0/157.5 -> 0 | CJ26: =0/172.5 -> 0 | CK26: =0/172.5 -> 0 | CL26: =0/172.5 -> 0 | CM26: =0/142.5 -> 0 | CN26: =0/142.5 -> 0 | CO26: =0/142.5 -> 0 | CP26: =0/142.5 -> 0 | CQ26: =0/142.5 -> 0 | CR26: =0/172.5 -> 0 | CS26: =0/172.5 -> 0 | CT26: =0/172.5 -> 0
A27: 11 | B27: 完了 | C27: その他 | D27: 坂野 | E27: EPM14 | G27: 【EPM】【依頼】レポーティング開発 | H27: =SUM(AZ27:BF27) -> 0 | I27: =SUM(AZ28:BF28) -> 0 | N27: 計画 | O27: =(3)/120 -> 0.025 | P27: =(0)/120 -> 0 | Q27: =(0)/120 -> 0 | R27: =(0)/120 -> 0 | S27: =(6)/120 -> 0.05 | T27: =(9)/120 -> 0.075 | U27: =(0)/120 -> 0 | V27: =(0)/142.5 -> 0 | W27: =(0)/142.5 -> 0 | X27: =(0)/142.5 -> 0 | Y27: =(0)/142.5 -> 0 | Z27: =(0)/142.5 -> 0 | AA27: =(0)/142.5 -> 0 | AB27: =0/165 -> 0 | AC27: =0/165 -> 0 | AD27: =0/165 -> 0 | AE27: =0/165 -> 0 | AF27: =0/165 -> 0 | AG27: =0/165 -> 0 | AH27: =(0)/165 -> 0 | AI27: =(0)/165 -> 0 | AJ27: =(0)/165 -> 0 | AK27: =(0)/165 -> 0 | AL27: =(0)/165 -> 0 | AM27: =(0)/165 -> 0 | AN27: =0/157.5 -> 0 | AO27: =0/157.5 -> 0 | AP27: =0/157.5 -> 0 | AQ27: =0/157.5 -> 0 | AR27: =0/157.5 -> 0 | AS27: =0/165 -> 0 | AT27: =0/172.5 -> 0 | AU27: =0/172.5 -> 0 | AV27: =0/172.5 -> 0 | AW27: =0/172.5 -> 0 | AX27: =0/172.5 -> 0 | AY27: =0/172.5 -> 0 | AZ27: =(0)/150 -> 0 | BA27: =(0)/150 -> 0 | BB27: =(0)/150 -> 0 | BC27: =(0)/150 -> 0 | BD27: =(0)/150 -> 0 | BE27: =(0)/150 -> 0 | BF27: =(0)/150 -> 0 | BG27: =0/142.5 -> 0 | BH27: =0/142.5 -> 0 | BI27: =0/142.5 -> 0 | BJ27: =0/142.5 -> 0 | BK27: =0/142.5 -> 0 | BL27: =0/172.5 -> 0 | BM27: =0/172.5 -> 0 | BN27: =0/172.5 -> 0 | BO27: =0/157.5 -> 0 | BP27: =0/157.5 -> 0 | BQ27: =0/157.5 -> 0 | BR27: =0/157.5 -> 0 | BS27: =0/157.5 -> 0 | BT27: =0/172.5 -> 0 | BU27: =0/172.5 -> 0 | BV27: =0/172.5 -> 0 | BW27: =0/157.5 -> 0 | BX27: =0/157.5 -> 0 | BY27: =0/157.5 -> 0 | BZ27: =0/157.5 -> 0 | CA27: =0/157.5 -> 0 | CB27: =0/172.5 -> 0 | CC27: =0/172.5 -> 0 | CD27: =0/172.5 -> 0 | CE27: =0/157.5 -> 0 | CF27: =0/157.5 -> 0 | CG27: =0/157.5 -> 0 | CH27: =0/157.5 -> 0 | CI27: =0/157.5 -> 0 | CJ27: =0/172.5 -> 0 | CK27: =0/172.5 -> 0 | CL27: =0/172.5 -> 0 | CM27: =0/142.5 -> 0 | CN27: =0/142.5 -> 0 | CO27: =0/142.5 -> 0 | CP27: =0/142.5 -> 0 | CQ27: =0/142.5 -> 0 | CR27: =0/172.5 -> 0 | CS27: =0/172.5 -> 0 | CT27: =0/172.5 -> 0
N28: 実績 | O28: =(0+1)/120 -> 0.0083333333 | P28: =(0)/120 -> 0 | Q28: =(0)/120 -> 0 | R28: =(0)/120 -> 0 | S28: =(0+5.5)/120 -> 0.045833333 | T28: =(0+8+1.5)/120 -> 0.079166667 | U28: =(0)/120 -> 0 | V28: =(0)/142.5 -> 0 | W28: =(0)/142.5 -> 0 | X28: =(0)/142.5 -> 0 | Y28: =(0)/142.5 -> 0 | Z28: =(0)/142.5 -> 0 | AA28: =(0)/142.5 -> 0 | AB28: =0/165 -> 0 | AC28: =0/165 -> 0 | AD28: =0/165 -> 0 | AE28: =0/165 -> 0 | AF28: =0/165 -> 0 | AG28: =0/165 -> 0 | AH28: =(0)/165 -> 0 | AI28: =(0)/165 -> 0 | AJ28: =(0)/165 -> 0 | AK28: =(0)/165 -> 0 | AL28: =(0)/165 -> 0 | AM28: =(0)/165 -> 0 | AN28: =0/157.5 -> 0 | AO28: =0/157.5 -> 0 | AP28: =0/157.5 -> 0 | AQ28: =0/157.5 -> 0 | AR28: =0/157.5 -> 0 | AS28: =0/165 -> 0 | AT28: =0/172.5 -> 0 | AU28: =0/172.5 -> 0 | AV28: =0/172.5 -> 0 | AW28: =0/172.5 -> 0 | AX28: =0/172.5 -> 0 | AY28: =0/172.5 -> 0 | AZ28: =(0)/150 -> 0 | BA28: =(0)/150 -> 0 | BB28: =(0)/150 -> 0 | BC28: =(0)/150 -> 0 | BD28: =(0)/150 -> 0 | BE28: =(0)/150 -> 0 | BF28: =(0)/150 -> 0 | BG28: =0/142.5 -> 0 | BH28: =0/142.5 -> 0 | BI28: =0/142.5 -> 0 | BJ28: =0/142.5 -> 0 | BK28: =0/142.5 -> 0 | BL28: =0/172.5 -> 0 | BM28: =0/172.5 -> 0 | BN28: =0/172.5 -> 0 | BO28: =0/157.5 -> 0 | BP28: =0/157.5 -> 0 | BQ28: =0/157.5 -> 0 | BR28: =0/157.5 -> 0 | BS28: =0/157.5 -> 0 | BT28: =0/172.5 -> 0 | BU28: =0/172.5 -> 0 | BV28: =0/172.5 -> 0 | BW28: =0/157.5 -> 0 | BX28: =0/157.5 -> 0 | BY28: =0/157.5 -> 0 | BZ28: =0/157.5 -> 0 | CA28: =0/157.5 -> 0 | CB28: =0/172.5 -> 0 | CC28: =0/172.5 -> 0 | CD28: =0/172.5 -> 0 | CE28: =0/157.5 -> 0 | CF28: =0/157.5 -> 0 | CG28: =0/157.5 -> 0 | CH28: =0/157.5 -> 0 | CI28: =0/157.5 -> 0 | CJ28: =0/172.5 -> 0 | CK28: =0/172.5 -> 0 | CL28: =0/172.5 -> 0 | CM28: =0/142.5 -> 0 | CN28: =0/142.5 -> 0 | CO28: =0/142.5 -> 0 | CP28: =0/142.5 -> 0 | CQ28: =0/142.5 -> 0 | CR28: =0/172.5 -> 0 | CS28: =0/172.5 -> 0 | CT28: =0/172.5 -> 0
A29: 12 | B29: 完了 | C29: その他 | D29: 坂野 | E29: PA5 | G29: 【PLATE】PLATE AUTOマニュアル修正 | H29: =SUM(AZ29:BF29) -> 0 | I29: =SUM(AZ30:BF30) -> 0 | N29: 計画 | O29: =(3)/120 -> 0.025 | P29: =(0)/120 -> 0 | Q29: =(0)/120 -> 0 | R29: =(0)/120 -> 0 | S29: =(0)/120 -> 0 | T29: =(5)/120 -> 0.041666667 | U29: =(0)/120 -> 0 | V29: =(0)/142.5 -> 0 | W29: =(0)/142.5 -> 0 | X29: =(0)/142.5 -> 0 | Y29: =(0)/142.5 -> 0 | Z29: =(0)/142.5 -> 0 | AA29: =(0)/142.5 -> 0 | AB29: =0/165 -> 0 | AC29: =0/165 -> 0 | AD29: =0/165 -> 0 | AE29: =0/165 -> 0 | AF29: =0/165 -> 0 | AG29: =0/165 -> 0 | AH29: =(0)/165 -> 0 | AI29: =(0)/165 -> 0 | AJ29: =(0)/165 -> 0 | AK29: =(0)/165 -> 0 | AL29: =(0)/165 -> 0 | AM29: =(0)/165 -> 0 | AN29: =0/157.5 -> 0 | AO29: =0/157.5 -> 0 | AP29: =0/157.5 -> 0 | AQ29: =0/157.5 -> 0 | AR29: =0/157.5 -> 0 | AS29: =0/165 -> 0 | AT29: =0/172.5 -> 0 | AU29: =0/172.5 -> 0 | AV29: =0/172.5 -> 0 | AW29: =0/172.5 -> 0 | AX29: =0/172.5 -> 0 | AY29: =0/172.5 -> 0 | AZ29: =(0)/150 -> 0 | BA29: =(0)/150 -> 0 | BB29: =(0)/150 -> 0 | BC29: =(0)/150 -> 0 | BD29: =(0)/150 -> 0 | BE29: =(0)/150 -> 0 | BF29: =(0)/150 -> 0 | BG29: =0/142.5 -> 0 | BH29: =0/142.5 -> 0 | BI29: =0/142.5 -> 0 | BJ29: =0/142.5 -> 0 | BK29: =0/142.5 -> 0 | BL29: =0/172.5 -> 0 | BM29: =0/172.5 -> 0 | BN29: =0/172.5 -> 0 | BO29: =0/157.5 -> 0 | BP29: =0/157.5 -> 0 | BQ29: =0/157.5 -> 0 | BR29: =0/157.5 -> 0 | BS29: =0/157.5 -> 0 | BT29: =0/172.5 -> 0 | BU29: =0/172.5 -> 0 | BV29: =0/172.5 -> 0 | BW29: =0/157.5 -> 0 | BX29: =0/157.5 -> 0 | BY29: =0/157.5 -> 0 | BZ29: =0/157.5 -> 0 | CA29: =0/157.5 -> 0 | CB29: =0/172.5 -> 0 | CC29: =0/172.5 -> 0 | CD29: =0/172.5 -> 0 | CE29: =0/157.5 -> 0 | CF29: =0/157.5 -> 0 | CG29: =0/157.5 -> 0 | CH29: =0/157.5 -> 0 | CI29: =0/157.5 -> 0 | CJ29: =0/172.5 -> 0 | CK29: =0/172.5 -> 0 | CL29: =0/172.5 -> 0 | CM29: =0/142.5 -> 0 | CN29: =0/142.5 -> 0 | CO29: =0/142.5 -> 0 | CP29: =0/142.5 -> 0 | CQ29: =0/142.5 -> 0 | CR29: =0/172.5 -> 0 | CS29: =0/172.5 -> 0 | CT29: =0/172.5 -> 0
N30: 実績 | O30: =(0+1+1)/120 -> 0.016666667 | P30: =(0)/120 -> 0 | Q30: =(0)/120 -> 0 | R30: =(0)/120 -> 0 | S30: =(0)/120 -> 0 | T30: =(0+2.5+2)/120 -> 0.0375 | U30: =(0)/120 -> 0 | V30: =(0)/142.5 -> 0 | W30: =(0)/142.5 -> 0 | X30: =(0)/142.5 -> 0 | Y30: =(0)/142.5 -> 0 | Z30: =(0)/142.5 -> 0 | AA30: =(0)/142.5 -> 0 | AB30: =0/165 -> 0 | AC30: =0/165 -> 0 | AD30: =0/165 -> 0 | AE30: =0/165 -> 0 | AF30: =0/165 -> 0 | AG30: =0/165 -> 0 | AH30: =(0)/165 -> 0 | AI30: =(0)/165 -> 0 | AJ30: =(0)/165 -> 0 | AK30: =(0)/165 -> 0 | AL30: =(0)/165 -> 0 | AM30: =(0)/165 -> 0 | AN30: =0/157.5 -> 0 | AO30: =0/157.5 -> 0 | AP30: =0/157.5 -> 0 | AQ30: =0/157.5 -> 0 | AR30: =0/157.5 -> 0 | AS30: =0/165 -> 0 | AT30: =0/172.5 -> 0 | AU30: =0/172.5 -> 0 | AV30: =0/172.5 -> 0 | AW30: =0/172.5 -> 0 | AX30: =0/172.5 -> 0 | AY30: =0/172.5 -> 0 | AZ30: =(0)/150 -> 0 | BA30: =(0)/150 -> 0 | BB30: =(0)/150 -> 0 | BC30: =(0)/150 -> 0 | BD30: =(0)/150 -> 0 | BE30: =(0)/150 -> 0 | BF30: =(0)/150 -> 0 | BG30: =0/142.5 -> 0 | BH30: =0/142.5 -> 0 | BI30: =0/142.5 -> 0 | BJ30: =0/142.5 -> 0 | BK30: =0/142.5 -> 0 | BL30: =0/172.5 -> 0 | BM30: =0/172.5 -> 0 | BN30: =0/172.5 -> 0 | BO30: =0/157.5 -> 0 | BP30: =0/157.5 -> 0 | BQ30: =0/157.5 -> 0 | BR30: =0/157.5 -> 0 | BS30: =0/157.5 -> 0 | BT30: =0/172.5 -> 0 | BU30: =0/172.5 -> 0 | BV30: =0/172.5 -> 0 | BW30: =0/157.5 -> 0 | BX30: =0/157.5 -> 0 | BY30: =0/157.5 -> 0 | BZ30: =0/157.5 -> 0 | CA30: =0/157.5 -> 0 | CB30: =0/172.5 -> 0 | CC30: =0/172.5 -> 0 | CD30: =0/172.5 -> 0 | CE30: =0/157.5 -> 0 | CF30: =0/157.5 -> 0 | CG30: =0/157.5 -> 0 | CH30: =0/157.5 -> 0 | CI30: =0/157.5 -> 0 | CJ30: =0/172.5 -> 0 | CK30: =0/172.5 -> 0 | CL30: =0/172.5 -> 0 | CM30: =0/142.5 -> 0 | CN30: =0/142.5 -> 0 | CO30: =0/142.5 -> 0 | CP30: =0/142.5 -> 0 | CQ30: =0/142.5 -> 0 | CR30: =0/172.5 -> 0 | CS30: =0/172.5 -> 0 | CT30: =0/172.5 -> 0
A31: 13 | B31: 完了 | C31: 定型 | D31: 山田 | E31: F205 | F31: PB00202097 | G31: PB00202097_【定型】加入協会名変更 | H31: =SUM(AZ31:BF31) -> 0 | I31: =SUM(AZ32:BF32) -> 0 | N31: 計画 | O31: =(4)/120 -> 0.033333333 | P31: =(0)/120 -> 0 | Q31: =(0)/120 -> 0 | R31: =(20)/120 -> 0.16666667 | S31: =(30)/120 -> 0.25 | T31: =(20)/120 -> 0.16666667 | U31: =(0)/120 -> 0 | V31: =(0)/142.5 -> 0 | W31: =(0)/142.5 -> 0 | X31: =(0)/142.5 -> 0 | Y31: =(0)/142.5 -> 0 | Z31: =(0)/142.5 -> 0 | AA31: =(0)/142.5 -> 0 | AB31: =0/165 -> 0 | AC31: =0/165 -> 0 | AD31: =0/165 -> 0 | AE31: =0/165 -> 0 | AF31: =0/165 -> 0 | AG31: =0/165 -> 0 | AH31: =(0)/165 -> 0 | AI31: =(0)/165 -> 0 | AJ31: =(0)/165 -> 0 | AK31: =(0)/165 -> 0 | AL31: =(0)/165 -> 0 | AM31: =(0)/165 -> 0 | AN31: =0/157.5 -> 0 | AO31: =0/157.5 -> 0 | AP31: =0/157.5 -> 0 | AQ31: =0/157.5 -> 0 | AR31: =0/157.5 -> 0 | AS31: =0/165 -> 0 | AT31: =0/172.5 -> 0 | AU31: =0/172.5 -> 0 | AV31: =0/172.5 -> 0 | AW31: =0/172.5 -> 0 | AX31: =0/172.5 -> 0 | AY31: =0/172.5 -> 0 | AZ31: =(0)/150 -> 0 | BA31: =(0)/150 -> 0 | BB31: =(0)/150 -> 0 | BC31: =(0)/150 -> 0 | BD31: =(0)/150 -> 0 | BE31: =(0)/150 -> 0 | BF31: =(0)/150 -> 0 | BG31: =0/142.5 -> 0 | BH31: =0/142.5 -> 0 | BI31: =0/142.5 -> 0 | BJ31: =0/142.5 -> 0 | BK31: =0/142.5 -> 0 | BL31: =0/172.5 -> 0 | BM31: =0/172.5 -> 0 | BN31: =0/172.5 -> 0 | BO31: =0/157.5 -> 0 | BP31: =0/157.5 -> 0 | BQ31: =0/157.5 -> 0 | BR31: =0/157.5 -> 0 | BS31: =0/157.5 -> 0 | BT31: =0/172.5 -> 0 | BU31: =0/172.5 -> 0 | BV31: =0/172.5 -> 0 | BW31: =0/157.5 -> 0 | BX31: =0/157.5 -> 0 | BY31: =0/157.5 -> 0 | BZ31: =0/157.5 -> 0 | CA31: =0/157.5 -> 0 | CB31: =0/172.5 -> 0 | CC31: =0/172.5 -> 0 | CD31: =0/172.5 -> 0 | CE31: =0/157.5 -> 0 | CF31: =0/157.5 -> 0 | CG31: =0/157.5 -> 0 | CH31: =0/157.5 -> 0 | CI31: =0/157.5 -> 0 | CJ31: =0/172.5 -> 0 | CK31: =0/172.5 -> 0 | CL31: =0/172.5 -> 0 | CM31: =0/142.5 -> 0 | CN31: =0/142.5 -> 0 | CO31: =0/142.5 -> 0 | CP31: =0/142.5 -> 0 | CQ31: =0/142.5 -> 0 | CR31: =0/172.5 -> 0 | CS31: =0/172.5 -> 0 | CT31: =0/172.5 -> 0
N32: 実績 | O32: =(0+4.5+3.25)/120 -> 0.064583333 | P32: =(0)/120 -> 0 | Q32: =(0)/120 -> 0 | R32: =(0+5+9.5)/120 -> 0.12083333 | S32: =(0+15+20)/120 -> 0.29166667 | T32: =(0+6+7)/120 -> 0.10833333 | U32: =(0)/120 -> 0 | V32: =(0)/142.5 -> 0 | W32: =(0)/142.5 -> 0 | X32: =(0)/142.5 -> 0 | Y32: =(0)/142.5 -> 0 | Z32: =(0)/142.5 -> 0 | AA32: =(0)/142.5 -> 0 | AB32: =0/165 -> 0 | AC32: =0/165 -> 0 | AD32: =0/165 -> 0 | AE32: =0/165 -> 0 | AF32: =0/165 -> 0 | AG32: =0/165 -> 0 | AH32: =(0)/165 -> 0 | AI32: =(0)/165 -> 0 | AJ32: =(0)/165 -> 0 | AK32: =(0)/165 -> 0 | AL32: =(0)/165 -> 0 | AM32: =(0)/165 -> 0 | AN32: =0/157.5 -> 0 | AO32: =0/157.5 -> 0 | AP32: =0/157.5 -> 0 | AQ32: =0/157.5 -> 0 | AR32: =0/157.5 -> 0 | AS32: =0/165 -> 0 | AT32: =0/172.5 -> 0 | AU32: =0/172.5 -> 0 | AV32: =0/172.5 -> 0 | AW32: =0/172.5 -> 0 | AX32: =0/172.5 -> 0 | AY32: =0/172.5 -> 0 | AZ32: =(0)/150 -> 0 | BA32: =(0)/150 -> 0 | BB32: =(0)/150 -> 0 | BC32: =(0)/150 -> 0 | BD32: =(0)/150 -> 0 | BE32: =(0)/150 -> 0 | BF32: =(0)/150 -> 0 | BG32: =0/142.5 -> 0 | BH32: =0/142.5 -> 0 | BI32: =0/142.5 -> 0 | BJ32: =0/142.5 -> 0 | BK32: =0/142.5 -> 0 | BL32: =0/172.5 -> 0 | BM32: =0/172.5 -> 0 | BN32: =0/172.5 -> 0 | BO32: =0/157.5 -> 0 | BP32: =0/157.5 -> 0 | BQ32: =0/157.5 -> 0 | BR32: =0/157.5 -> 0 | BS32: =0/157.5 -> 0 | BT32: =0/172.5 -> 0 | BU32: =0/172.5 -> 0 | BV32: =0/172.5 -> 0 | BW32: =0/157.5 -> 0 | BX32: =0/157.5 -> 0 | BY32: =0/157.5 -> 0 | BZ32: =0/157.5 -> 0 | CA32: =0/157.5 -> 0 | CB32: =0/172.5 -> 0 | CC32: =0/172.5 -> 0 | CD32: =0/172.5 -> 0 | CE32: =0/157.5 -> 0 | CF32: =0/157.5 -> 0 | CG32: =0/157.5 -> 0 | CH32: =0/157.5 -> 0 | CI32: =0/157.5 -> 0 | CJ32: =0/172.5 -> 0 | CK32: =0/172.5 -> 0 | CL32: =0/172.5 -> 0 | CM32: =0/142.5 -> 0 | CN32: =0/142.5 -> 0 | CO32: =0/142.5 -> 0 | CP32: =0/142.5 -> 0 | CQ32: =0/142.5 -> 0 | CR32: =0/172.5 -> 0 | CS32: =0/172.5 -> 0 | CT32: =0/172.5 -> 0
A33: 14 | B33: 完了 | C33: その他 | D33: 安藤 | E33: PR16 | F33: PBxxxxxxxx | G33: 【WB4】【開発依頼】4670_PBxxxxxxxx_(0D)管理者画面の表示修正 | H33: =SUM(AZ33:BF33) -> 0 | I33: =SUM(AZ34:BF34) -> 0 | N33: 計画 | O33: =(5)/120 -> 0.041666667 | P33: =(0)/120 -> 0 | Q33: =(0)/120 -> 0 | R33: =(0)/120 -> 0 | S33: =(7)/120 -> 0.058333333 | T33: =(30)/120 -> 0.25 | U33: =(0)/120 -> 0 | V33: =(5)/142.5 -> 0.035087719 | W33: =(0)/142.5 -> 0 | X33: =(10)/142.5 -> 0.070175439 | Y33: =(25)/142.5 -> 0.1754386 | Z33: =(25)/142.5 -> 0.1754386 | AA33: =(25)/142.5 -> 0.1754386 | AB33: =(5)/165 -> 0.03030303 | AC33: =(0)/165 -> 0 | AD33: =(0)/165 -> 0 | AE33: =(0)/165 -> 0 | AF33: =(5)/165 -> 0.03030303 | AG33: =(0)/165 -> 0 | AH33: =(0)/165 -> 0 | AI33: =(0)/165 -> 0 | AJ33: =(0)/165 -> 0 | AK33: =(0)/165 -> 0 | AL33: =(0)/165 -> 0 | AM33: =(0)/165 -> 0 | AN33: =(3)/157.5 -> 0.019047619 | AO33: =(0)/157.5 -> 0 | AP33: =(0)/157.5 -> 0 | AQ33: =(0)/157.5 -> 0 | AR33: =(3)/157.5 -> 0.019047619 | AS33: =(0)/157.5 -> 0 | AT33: =(0)/165 -> 0 | AU33: =(0)/165 -> 0 | AV33: =(0)/165 -> 0 | AW33: =(0)/165 -> 0 | AX33: =(0)/165 -> 0 | AY33: =(0)/165 -> 0 | AZ33: =(0)/150 -> 0 | BA33: =(0)/150 -> 0 | BB33: =(0)/150 -> 0 | BC33: =(0)/150 -> 0 | BD33: =(0)/150 -> 0 | BE33: =(0)/150 -> 0 | BF33: =(0)/150 -> 0 | BG33: =0/142.5 -> 0 | BH33: =0/142.5 -> 0 | BI33: =0/142.5 -> 0 | BJ33: =0/142.5 -> 0 | BK33: =0/142.5 -> 0 | BL33: =0/172.5 -> 0 | BM33: =0/172.5 -> 0 | BN33: =0/172.5 -> 0 | BO33: =0/157.5 -> 0 | BP33: =0/157.5 -> 0 | BQ33: =0/157.5 -> 0 | BR33: =0/157.5 -> 0 | BS33: =0/157.5 -> 0 | BT33: =0/172.5 -> 0 | BU33: =0/172.5 -> 0 | BV33: =0/172.5 -> 0 | BW33: =0/157.5 -> 0 | BX33: =0/157.5 -> 0 | BY33: =0/157.5 -> 0 | BZ33: =0/157.5 -> 0 | CA33: =0/157.5 -> 0 | CB33: =0/172.5 -> 0 | CC33: =0/172.5 -> 0 | CD33: =0/172.5 -> 0 | CE33: =0/157.5 -> 0 | CF33: =0/157.5 -> 0 | CG33: =0/157.5 -> 0 | CH33: =0/157.5 -> 0 | CI33: =0/157.5 -> 0 | CJ33: =0/172.5 -> 0 | CK33: =0/172.5 -> 0 | CL33: =0/172.5 -> 0 | CM33: =0/142.5 -> 0 | CN33: =0/142.5 -> 0 | CO33: =0/142.5 -> 0 | CP33: =0/142.5 -> 0 | CQ33: =0/142.5 -> 0 | CR33: =0/172.5 -> 0 | CS33: =0/172.5 -> 0 | CT33: =0/172.5 -> 0
N34: 実績 | O34: =(0+1+5)/120 -> 0.05 | P34: =(0)/120 -> 0 | Q34: =(0)/120 -> 0 | R34: =(0)/120 -> 0 | S34: =(0+5)/120 -> 0.041666667 | T34: =(0+3+24)/120 -> 0.225 | U34: =(0)/120 -> 0 | V34: =(3+5.5)/142.5 -> 0.059649123 | W34: =(0)/142.5 -> 0 | X34: =(11.5)/142.5 -> 0.080701754 | Y34: =(18+5.5)/142.5 -> 0.16491228 | Z34: =(12+10)/142.5 -> 0.15438596 | AA34: =(18+5)/142.5 -> 0.16140351 | AB34: =(1.5+1.5)/165 -> 0.018181818 | AC34: =(0)/165 -> 0 | AD34: =(0)/165 -> 0 | AE34: =(0)/165 -> 0 | AF34: =(3)/165 -> 0.018181818 | AG34: =(0)/165 -> 0 | AH34: =(0)/165 -> 0 | AI34: =(0)/165 -> 0 | AJ34: =(0)/165 -> 0 | AK34: =(0)/165 -> 0 | AL34: =(0)/165 -> 0 | AM34: =(0)/165 -> 0 | AN34: =(1.5+1.5)/157.5 -> 0.019047619 | AO34: =(0)/157.5 -> 0 | AP34: =(0)/157.5 -> 0 | AQ34: =(0)/157.5 -> 0 | AR34: =(1.25+1)/157.5 -> 0.014285714 | AS34: =(0)/157.5 -> 0 | AT34: =(0)/165 -> 0 | AU34: =(0)/165 -> 0 | AV34: =(0)/165 -> 0 | AW34: =(0)/165 -> 0 | AX34: =(0)/165 -> 0 | AY34: =(0)/165 -> 0 | AZ34: =(0)/150 -> 0 | BA34: =(0)/150 -> 0 | BB34: =(0)/150 -> 0 | BC34: =(0)/150 -> 0 | BD34: =(0)/150 -> 0 | BE34: =(0)/150 -> 0 | BF34: =(0)/150 -> 0 | BG34: =0/142.5 -> 0 | BH34: =0/142.5 -> 0 | BI34: =0/142.5 -> 0 | BJ34: =0/142.5 -> 0 | BK34: =0/142.5 -> 0 | BL34: =0/172.5 -> 0 | BM34: =0/172.5 -> 0 | BN34: =0/172.5 -> 0 | BO34: =0/157.5 -> 0 | BP34: =0/157.5 -> 0 | BQ34: =0/157.5 -> 0 | BR34: =0/157.5 -> 0 | BS34: =0/157.5 -> 0 | BT34: =0/172.5 -> 0 | BU34: =0/172.5 -> 0 | BV34: =0/172.5 -> 0 | BW34: =0/157.5 -> 0 | BX34: =0/157.5 -> 0 | BY34: =0/157.5 -> 0 | BZ34: =0/157.5 -> 0 | CA34: =0/157.5 -> 0 | CB34: =0/172.5 -> 0 | CC34: =0/172.5 -> 0 | CD34: =0/172.5 -> 0 | CE34: =0/157.5 -> 0 | CF34: =0/157.5 -> 0 | CG34: =0/157.5 -> 0 | CH34: =0/157.5 -> 0 | CI34: =0/157.5 -> 0 | CJ34: =0/172.5 -> 0 | CK34: =0/172.5 -> 0 | CL34: =0/172.5 -> 0 | CM34: =0/142.5 -> 0 | CN34: =0/142.5 -> 0 | CO34: =0/142.5 -> 0 | CP34: =0/142.5 -> 0 | CQ34: =0/142.5 -> 0 | CR34: =0/172.5 -> 0 | CS34: =0/172.5 -> 0 | CT34: =0/172.5 -> 0
A35: 15 | B35: 完了 | C35: その他 | D35: 髙木 | E35: WA5 | G35: 【見積依頼】【EPM2】J-IRISS運営終了に伴う内部者情報照合ツール改修 | H35: =SUM(AZ35:BF35) -> 0 | I35: =SUM(AZ36:BF36) -> 0 | N35: 計画 | O35: =(1.5)/120 -> 0.0125 | P35: =(0)/120 -> 0 | Q35: =(0)/120 -> 0 | R35: =(0)/120 -> 0 | S35: =(0)/120 -> 0 | T35: =(0)/120 -> 0 | U35: =(0)/120 -> 0 | V35: =(0)/142.5 -> 0 | W35: =(0)/142.5 -> 0 | X35: =(0)/142.5 -> 0 | Y35: =(0)/142.5 -> 0 | Z35: =(0)/142.5 -> 0 | AA35: =(0)/142.5 -> 0 | AB35: =0/165 -> 0 | AC35: =0/165 -> 0 | AD35: =0/165 -> 0 | AE35: =0/165 -> 0 | AF35: =0/165 -> 0 | AG35: =0/165 -> 0 | AH35: =(0)/165 -> 0 | AI35: =(0)/165 -> 0 | AJ35: =(0)/165 -> 0 | AK35: =(0)/165 -> 0 | AL35: =(0)/165 -> 0 | AM35: =(0)/165 -> 0 | AN35: =0/157.5 -> 0 | AO35: =0/157.5 -> 0 | AP35: =0/157.5 -> 0 | AQ35: =0/157.5 -> 0 | AR35: =0/157.5 -> 0 | AS35: =0/165 -> 0 | AT35: =(0)/165 -> 0 | AU35: =(0)/165 -> 0 | AV35: =(0)/165 -> 0 | AW35: =(0)/165 -> 0 | AX35: =(0)/165 -> 0 | AY35: =(0)/165 -> 0 | AZ35: =(0)/150 -> 0 | BA35: =(0)/150 -> 0 | BB35: =(0)/150 -> 0 | BC35: =(0)/150 -> 0 | BD35: =(0)/150 -> 0 | BE35: =(0)/150 -> 0 | BF35: =(0)/150 -> 0 | BG35: =0/142.5 -> 0 | BH35: =0/142.5 -> 0 | BI35: =0/142.5 -> 0 | BJ35: =0/142.5 -> 0 | BK35: =0/142.5 -> 0 | BL35: =0/172.5 -> 0 | BM35: =0/172.5 -> 0 | BN35: =0/172.5 -> 0 | BO35: =0/157.5 -> 0 | BP35: =0/157.5 -> 0 | BQ35: =0/157.5 -> 0 | BR35: =0/157.5 -> 0 | BS35: =0/157.5 -> 0 | BT35: =0/172.5 -> 0 | BU35: =0/172.5 -> 0 | BV35: =0/172.5 -> 0 | BW35: =0/157.5 -> 0 | BX35: =0/157.5 -> 0 | BY35: =0/157.5 -> 0 | BZ35: =0/157.5 -> 0 | CA35: =0/157.5 -> 0 | CB35: =0/172.5 -> 0 | CC35: =0/172.5 -> 0 | CD35: =0/172.5 -> 0 | CE35: =0/157.5 -> 0 | CF35: =0/157.5 -> 0 | CG35: =0/157.5 -> 0 | CH35: =0/157.5 -> 0 | CI35: =0/157.5 -> 0 | CJ35: =0/172.5 -> 0 | CK35: =0/172.5 -> 0 | CL35: =0/172.5 -> 0 | CM35: =0/142.5 -> 0 | CN35: =0/142.5 -> 0 | CO35: =0/142.5 -> 0 | CP35: =0/142.5 -> 0 | CQ35: =0/142.5 -> 0 | CR35: =0/172.5 -> 0 | CS35: =0/172.5 -> 0 | CT35: =0/172.5 -> 0
N36: 実績 | O36: =(0+0.5)/120 -> 0.0041666667 | P36: =(0)/120 -> 0 | Q36: =(0)/120 -> 0 | R36: =(0)/120 -> 0 | S36: =(0)/120 -> 0 | T36: =(0)/120 -> 0 | U36: =(0)/120 -> 0 | V36: =(0)/142.5 -> 0 | W36: =(0)/142.5 -> 0 | X36: =(0)/142.5 -> 0 | Y36: =(0)/142.5 -> 0 | Z36: =(0)/142.5 -> 0 | AA36: =(0)/142.5 -> 0 | AB36: =0/165 -> 0 | AC36: =0/165 -> 0 | AD36: =0/165 -> 0 | AE36: =0/165 -> 0 | AF36: =0/165 -> 0 | AG36: =0/165 -> 0 | AH36: =(0)/165 -> 0 | AI36: =(0)/165 -> 0 | AJ36: =(0)/165 -> 0 | AK36: =(0)/165 -> 0 | AL36: =(0)/165 -> 0 | AM36: =(0)/165 -> 0 | AN36: =0/157.5 -> 0 | AO36: =0/157.5 -> 0 | AP36: =0/157.5 -> 0 | AQ36: =0/157.5 -> 0 | AR36: =0/157.5 -> 0 | AS36: =0/165 -> 0 | AT36: =(0)/165 -> 0 | AU36: =(0)/165 -> 0 | AV36: =(0)/165 -> 0 | AW36: =(0)/165 -> 0 | AX36: =(0)/165 -> 0 | AY36: =(0)/165 -> 0 | AZ36: =(0)/150 -> 0 | BA36: =(0)/150 -> 0 | BB36: =(0)/150 -> 0 | BC36: =(0)/150 -> 0 | BD36: =(0)/150 -> 0 | BE36: =(0)/150 -> 0 | BF36: =(0)/150 -> 0 | BG36: =0/142.5 -> 0 | BH36: =0/142.5 -> 0 | BI36: =0/142.5 -> 0 | BJ36: =0/142.5 -> 0 | BK36: =0/142.5 -> 0 | BL36: =0/172.5 -> 0 | BM36: =0/172.5 -> 0 | BN36: =0/172.5 -> 0 | BO36: =0/157.5 -> 0 | BP36: =0/157.5 -> 0 | BQ36: =0/157.5 -> 0 | BR36: =0/157.5 -> 0 | BS36: =0/157.5 -> 0 | BT36: =0/172.5 -> 0 | BU36: =0/172.5 -> 0 | BV36: =0/172.5 -> 0 | BW36: =0/157.5 -> 0 | BX36: =0/157.5 -> 0 | BY36: =0/157.5 -> 0 | BZ36: =0/157.5 -> 0 | CA36: =0/157.5 -> 0 | CB36: =0/172.5 -> 0 | CC36: =0/172.5 -> 0 | CD36: =0/172.5 -> 0 | CE36: =0/157.5 -> 0 | CF36: =0/157.5 -> 0 | CG36: =0/157.5 -> 0 | CH36: =0/157.5 -> 0 | CI36: =0/157.5 -> 0 | CJ36: =0/172.5 -> 0 | CK36: =0/172.5 -> 0 | CL36: =0/172.5 -> 0 | CM36: =0/142.5 -> 0 | CN36: =0/142.5 -> 0 | CO36: =0/142.5 -> 0 | CP36: =0/142.5 -> 0 | CQ36: =0/142.5 -> 0 | CR36: =0/172.5 -> 0 | CS36: =0/172.5 -> 0 | CT36: =0/172.5 -> 0
A37: 16 | B37: 完了 | C37: その他 | D37: 髙木 | E37: PR17 | F37: PB00202057 | G37: 【見積依頼】4614_PB00202057_本人確認書類への「特定在留カード」等追加 | H37: =SUM(AZ37:BF37) -> 0 | I37: =SUM(AZ38:BF38) -> 0 | N37: 計画 | O37: =0/127.5 -> 0 | P37: =0/127.5 -> 0 | Q37: =0/127.5 -> 0 | R37: =0/127.5 -> 0 | S37: =0/127.5 -> 0 | T37: =0/127.5 -> 0 | U37: =0/127.5 -> 0 | V37: =(23)/142.5 -> 0.16140351 | W37: =(0)/142.5 -> 0 | X37: =(50)/142.5 -> 0.35087719 | Y37: =(30)/142.5 -> 0.21052632 | Z37: =(20)/142.5 -> 0.14035088 | AA37: =(70)/142.5 -> 0.49122807 | AB37: =(14)/165 -> 0.084848485 | AC37: =(0)/165 -> 0 | AD37: =(65)/165 -> 0.39393939 | AE37: =(0)/165 -> 0 | AF37: =(0)/165 -> 0 | AG37: =(45)/165 -> 0.27272727 | AH37: =(0)/165 -> 0 | AI37: =(0)/165 -> 0 | AJ37: =(0)/165 -> 0 | AK37: =(0)/165 -> 0 | AL37: =(0)/165 -> 0 | AM37: =(0)/165 -> 0 | AN37: =0/157.5 -> 0 | AO37: =0/157.5 -> 0 | AP37: =0/157.5 -> 0 | AQ37: =0/157.5 -> 0 | AR37: =0/157.5 -> 0 | AS37: =0/165 -> 0 | AT37: =(0)/165 -> 0 | AU37: =(0)/165 -> 0 | AV37: =(0)/165 -> 0 | AW37: =(0)/165 -> 0 | AX37: =(0)/165 -> 0 | AY37: =(0)/165 -> 0 | AZ37: =(0)/150 -> 0 | BA37: =(0)/150 -> 0 | BB37: =(0)/150 -> 0 | BC37: =(0)/150 -> 0 | BD37: =(0)/150 -> 0 | BE37: =(0)/150 -> 0 | BF37: =(0)/150 -> 0 | BG37: =0/142.5 -> 0 | BH37: =0/142.5 -> 0 | BI37: =0/142.5 -> 0 | BJ37: =0/142.5 -> 0 | BK37: =0/142.5 -> 0 | BL37: =0/172.5 -> 0 | BM37: =0/172.5 -> 0 | BN37: =0/172.5 -> 0 | BO37: =0/157.5 -> 0 | BP37: =0/157.5 -> 0 | BQ37: =0/157.5 -> 0 | BR37: =0/157.5 -> 0 | BS37: =0/157.5 -> 0 | BT37: =0/172.5 -> 0 | BU37: =0/172.5 -> 0 | BV37: =0/172.5 -> 0 | BW37: =0/157.5 -> 0 | BX37: =0/157.5 -> 0 | BY37: =0/157.5 -> 0 | BZ37: =0/157.5 -> 0 | CA37: =0/157.5 -> 0 | CB37: =0/172.5 -> 0 | CC37: =0/172.5 -> 0 | CD37: =0/172.5 -> 0 | CE37: =0/157.5 -> 0 | CF37: =0/157.5 -> 0 | CG37: =0/157.5 -> 0 | CH37: =0/157.5 -> 0 | CI37: =0/157.5 -> 0 | CJ37: =0/172.5 -> 0 | CK37: =0/172.5 -> 0 | CL37: =0/172.5 -> 0 | CM37: =0/142.5 -> 0 | CN37: =0/142.5 -> 0 | CO37: =0/142.5 -> 0 | CP37: =0/142.5 -> 0 | CQ37: =0/142.5 -> 0 | CR37: =0/172.5 -> 0 | CS37: =0/172.5 -> 0 | CT37: =0/172.5 -> 0
N38: 実績 | O38: =0/127.5 -> 0 | P38: =0/127.5 -> 0 | Q38: =0/127.5 -> 0 | R38: =0/127.5 -> 0 | S38: =0/127.5 -> 0 | T38: =0/127.5 -> 0 | U38: =0/127.5 -> 0 | V38: =(0+4.5+8+6.5)/142.5 -> 0.13333333 | W38: =(0)/142.5 -> 0 | X38: =(0+6+20+14+4)/142.5 -> 0.30877193 | Y38: =(0+14.5+17.5)/142.5 -> 0.2245614 | Z38: =(0+11+8)/142.5 -> 0.13333333 | AA38: =(0+18+27.5+21.5+4)/142.5 -> 0.49824561 | AB38: =(2+3.5+4+3)/165 -> 0.075757576 | AC38: =(0)/165 -> 0 | AD38: =(10+17.5+32+5)/165 -> 0.39090909 | AE38: =(0)/165 -> 0 | AF38: =(0)/165 -> 0 | AG38: =(8+15+13.5+3)/165 -> 0.23939394 | AH38: =(0)/165 -> 0 | AI38: =(0)/165 -> 0 | AJ38: =(0)/165 -> 0 | AK38: =(0)/165 -> 0 | AL38: =(0)/165 -> 0 | AM38: =(0)/165 -> 0 | AN38: =0/157.5 -> 0 | AO38: =0/157.5 -> 0 | AP38: =0/157.5 -> 0 | AQ38: =0/157.5 -> 0 | AR38: =0/157.5 -> 0 | AS38: =0/165 -> 0 | AT38: =(0)/165 -> 0 | AU38: =(0)/165 -> 0 | AV38: =(0)/165 -> 0 | AW38: =(0)/165 -> 0 | AX38: =(0)/165 -> 0 | AY38: =(0)/165 -> 0 | AZ38: =(0)/150 -> 0 | BA38: =(0)/150 -> 0 | BB38: =(0)/150 -> 0 | BC38: =(0)/150 -> 0 | BD38: =(0)/150 -> 0 | BE38: =(0)/150 -> 0 | BF38: =(0)/150 -> 0 | BG38: =0/142.5 -> 0 | BH38: =0/142.5 -> 0 | BI38: =0/142.5 -> 0 | BJ38: =0/142.5 -> 0 | BK38: =0/142.5 -> 0 | BL38: =0/172.5 -> 0 | BM38: =0/172.5 -> 0 | BN38: =0/172.5 -> 0 | BO38: =0/157.5 -> 0 | BP38: =0/157.5 -> 0 | BQ38: =0/157.5 -> 0 | BR38: =0/157.5 -> 0 | BS38: =0/157.5 -> 0 | BT38: =0/172.5 -> 0 | BU38: =0/172.5 -> 0 | BV38: =0/172.5 -> 0 | BW38: =0/157.5 -> 0 | BX38: =0/157.5 -> 0 | BY38: =0/157.5 -> 0 | BZ38: =0/157.5 -> 0 | CA38: =0/157.5 -> 0 | CB38: =0/172.5 -> 0 | CC38: =0/172.5 -> 0 | CD38: =0/172.5 -> 0 | CE38: =0/157.5 -> 0 | CF38: =0/157.5 -> 0 | CG38: =0/157.5 -> 0 | CH38: =0/157.5 -> 0 | CI38: =0/157.5 -> 0 | CJ38: =0/172.5 -> 0 | CK38: =0/172.5 -> 0 | CL38: =0/172.5 -> 0 | CM38: =0/142.5 -> 0 | CN38: =0/142.5 -> 0 | CO38: =0/142.5 -> 0 | CP38: =0/142.5 -> 0 | CQ38: =0/142.5 -> 0 | CR38: =0/172.5 -> 0 | CS38: =0/172.5 -> 0 | CT38: =0/172.5 -> 0
A39: 17 | B39: 完了 | C39: その他 | D39: 仲井 | E39: BT8 | F39: PBxxxxxxxx | G39: 【WB4】【開発案件】4665_PBxxxxxxxx_(0D,46)不要な監視抑止対応 | H39: =SUM(AZ39:BF39) -> 0 | I39: =SUM(AZ40:BF40) -> 0 | N39: 計画 | O39: =0/127.5 -> 0 | P39: =0/127.5 -> 0 | Q39: =0/127.5 -> 0 | R39: =0/127.5 -> 0 | S39: =0/127.5 -> 0 | T39: =0/127.5 -> 0 | U39: =0/127.5 -> 0 | V39: =(12)/142.5 -> 0.084210526 | W39: =(0)/142.5 -> 0 | X39: =(0)/142.5 -> 0 | Y39: =(30)/142.5 -> 0.21052632 | Z39: =(30)/142.5 -> 0.21052632 | AA39: =(0)/142.5 -> 0 | AB39: =(7)/165 -> 0.042424242 | AC39: =(0)/165 -> 0 | AD39: =(20)/165 -> 0.12121212 | AE39: =(20)/165 -> 0.12121212 | AF39: =(20)/165 -> 0.12121212 | AG39: =(0)/165 -> 0 | AH39: =(10)/165 -> 0.060606061 | AI39: =(0)/165 -> 0 | AJ39: =(0)/165 -> 0 | AK39: =(40)/165 -> 0.24242424 | AL39: =(20)/165 -> 0.12121212 | AM39: =(0)/165 -> 0 | AN39: =(0)/157.5 -> 0 | AO39: =(0)/157.5 -> 0 | AP39: =(0)/157.5 -> 0 | AQ39: =(0)/157.5 -> 0 | AR39: =(1)/157.5 -> 0.0063492063 | AS39: =(0)/157.5 -> 0 | AT39: =(3)/165 -> 0.018181818 | AU39: =(0)/165 -> 0 | AV39: =(0)/165 -> 0 | AW39: =(5)/165 -> 0.03030303 | AX39: =(15)/165 -> 0.090909091 | AY39: =(0)/165 -> 0 | AZ39: =(0)/150 -> 0 | BA39: =(0)/150 -> 0 | BB39: =(0)/150 -> 0 | BC39: =(0)/150 -> 0 | BD39: =(0)/150 -> 0 | BE39: =(0)/150 -> 0 | BF39: =(0)/150 -> 0 | BG39: =0/142.5 -> 0 | BH39: =0/142.5 -> 0 | BI39: =0/142.5 -> 0 | BJ39: =0/142.5 -> 0 | BK39: =0/142.5 -> 0 | BL39: =0/172.5 -> 0 | BM39: =0/172.5 -> 0 | BN39: =0/172.5 -> 0 | BO39: =0/157.5 -> 0 | BP39: =0/157.5 -> 0 | BQ39: =0/157.5 -> 0 | BR39: =0/157.5 -> 0 | BS39: =0/157.5 -> 0 | BT39: =0/172.5 -> 0 | BU39: =0/172.5 -> 0 | BV39: =0/172.5 -> 0 | BW39: =0/157.5 -> 0 | BX39: =0/157.5 -> 0 | BY39: =0/157.5 -> 0 | BZ39: =0/157.5 -> 0 | CA39: =0/157.5 -> 0 | CB39: =0/172.5 -> 0 | CC39: =0/172.5 -> 0 | CD39: =0/172.5 -> 0 | CE39: =0/157.5 -> 0 | CF39: =0/157.5 -> 0 | CG39: =0/157.5 -> 0 | CH39: =0/157.5 -> 0 | CI39: =0/157.5 -> 0 | CJ39: =0/172.5 -> 0 | CK39: =0/172.5 -> 0 | CL39: =0/172.5 -> 0 | CM39: =0/142.5 -> 0 | CN39: =0/142.5 -> 0 | CO39: =0/142.5 -> 0 | CP39: =0/142.5 -> 0 | CQ39: =0/142.5 -> 0 | CR39: =0/172.5 -> 0 | CS39: =0/172.5 -> 0 | CT39: =0/172.5 -> 0
N40: 実績 | O40: =0/127.5 -> 0 | P40: =0/127.5 -> 0 | Q40: =0/127.5 -> 0 | R40: =0/127.5 -> 0 | S40: =0/127.5 -> 0 | T40: =0/127.5 -> 0 | U40: =0/127.5 -> 0 | V40: =(0+5+1.5+1.5)/142.5 -> 0.056140351 | W40: =(0)/142.5 -> 0 | X40: =(0)/142.5 -> 0 | Y40: =(0+24+3)/142.5 -> 0.18947368 | Z40: =(0+20+6+3)/142.5 -> 0.20350877 | AA40: =(0)/142.5 -> 0 | AB40: =(2.5+2+2)/165 -> 0.039393939 | AC40: =(0)/165 -> 0 | AD40: =(3.5+3+2.5)/165 -> 0.054545455 | AE40: =(0+6+13)/165 -> 0.11515152 | AF40: =(5.5+1.5+3+6)/165 -> 0.096969697 | AG40: =(0)/165 -> 0 | AH40: =(1+4+2+1)/165 -> 0.048484848 | AI40: =(0)/165 -> 0 | AJ40: =(0)/165 -> 0 | AK40: =(6+24.5+8+3.25)/165 -> 0.2530303 | AL40: =(1+4+4+4+4)/165 -> 0.1030303 | AM40: =(0)/165 -> 0 | AN40: =(0)/157.5 -> 0 | AO40: =(0)/157.5 -> 0 | AP40: =(0)/157.5 -> 0 | AQ40: =(0)/157.5 -> 0 | AR40: =(0.5)/157.5 -> 0.0031746032 | AS40: =(0)/157.5 -> 0 | AT40: =(1)/165 -> 0.0060606061 | AU40: =(0)/165 -> 0 | AV40: =(0)/165 -> 0 | AW40: =(4)/165 -> 0.024242424 | AX40: =(7.25+7.75)/165 -> 0.090909091 | AY40: =(0)/165 -> 0 | AZ40: =(0)/150 -> 0 | BA40: =(0)/150 -> 0 | BB40: =(0)/150 -> 0 | BC40: =(0)/150 -> 0 | BD40: =(0)/150 -> 0 | BE40: =(0)/150 -> 0 | BF40: =(0)/150 -> 0 | BG40: =0/142.5 -> 0 | BH40: =0/142.5 -> 0 | BI40: =0/142.5 -> 0 | BJ40: =0/142.5 -> 0 | BK40: =0/142.5 -> 0 | BL40: =0/172.5 -> 0 | BM40: =0/172.5 -> 0 | BN40: =0/172.5 -> 0 | BO40: =0/157.5 -> 0 | BP40: =0/157.5 -> 0 | BQ40: =0/157.5 -> 0 | BR40: =0/157.5 -> 0 | BS40: =0/157.5 -> 0 | BT40: =0/172.5 -> 0 | BU40: =0/172.5 -> 0 | BV40: =0/172.5 -> 0 | BW40: =0/157.5 -> 0 | BX40: =0/157.5 -> 0 | BY40: =0/157.5 -> 0 | BZ40: =0/157.5 -> 0 | CA40: =0/157.5 -> 0 | CB40: =0/172.5 -> 0 | CC40: =0/172.5 -> 0 | CD40: =0/172.5 -> 0 | CE40: =0/157.5 -> 0 | CF40: =0/157.5 -> 0 | CG40: =0/157.5 -> 0 | CH40: =0/157.5 -> 0 | CI40: =0/157.5 -> 0 | CJ40: =0/172.5 -> 0 | CK40: =0/172.5 -> 0 | CL40: =0/172.5 -> 0 | CM40: =0/142.5 -> 0 | CN40: =0/142.5 -> 0 | CO40: =0/142.5 -> 0 | CP40: =0/142.5 -> 0 | CQ40: =0/142.5 -> 0 | CR40: =0/172.5 -> 0 | CS40: =0/172.5 -> 0 | CT40: =0/172.5 -> 0
A41: 18 | B41: 完了 | C41: その他 | D41: 梶 | E41: SFA11 | G41: 【SFA】【開発依頼】0G_面談記録表（SFA）バージョンアップ対応 | H41: =SUM(AZ41:BF41) -> 0.18 | I41: =SUM(AZ42:BF42) -> 0.10666667 | N41: 計画 | O41: =0/127.5 -> 0 | P41: =0/127.5 -> 0 | Q41: =0/127.5 -> 0 | R41: =0/127.5 -> 0 | S41: =0/127.5 -> 0 | T41: =0/127.5 -> 0 | U41: =0/127.5 -> 0 | V41: =(8)/142.5 -> 0.056140351 | W41: =(0)/142.5 -> 0 | X41: =(0)/142.5 -> 0 | Y41: =(35)/142.5 -> 0.24561404 | Z41: =(35)/142.5 -> 0.24561404 | AA41: =(0)/142.5 -> 0 | AB41: =(12)/165 -> 0.072727273 | AC41: =(50)/165 -> 0.3030303 | AD41: =(0)/165 -> 0 | AE41: =(110)/165 -> 0.66666667 | AF41: =(100)/165 -> 0.60606061 | AG41: =(0)/165 -> 0 | AH41: =(10)/165 -> 0.060606061 | AI41: =(25)/165 -> 0.15151515 | AJ41: =(0)/165 -> 0 | AK41: =(70)/165 -> 0.42424242 | AL41: =(122)/165 -> 0.73939394 | AM41: =(0)/165 -> 0 | AN41: =(4)/157.5 -> 0.025396825 | AO41: =(70)/157.5 -> 0.44444444 | AP41: =(0)/157.5 -> 0 | AQ41: =(68)/157.5 -> 0.43174603 | AR41: =(130)/157.5 -> 0.82539683 | AS41: =(4)/157.5 -> 0.025396825 | AT41: =(7)/165 -> 0.042424242 | AU41: =(28)/165 -> 0.16969697 | AV41: =(0)/165 -> 0 | AW41: =(60)/165 -> 0.36363636 | AX41: =(80)/165 -> 0.48484848 | AY41: =(0)/165 -> 0 | AZ41: =(7)/150 -> 0.046666667 | BA41: =(0)/150 -> 0 | BB41: =(0)/150 -> 0 | BC41: =(0)/150 -> 0 | BD41: =(20)/150 -> 0.13333333 | BE41: =(0)/150 -> 0 | BF41: =(0)/150 -> 0 | BG41: =0/142.5 -> 0 | BH41: =0/142.5 -> 0 | BI41: =0/142.5 -> 0 | BJ41: =0/142.5 -> 0 | BK41: =0/142.5 -> 0 | BL41: =0/172.5 -> 0 | BM41: =0/172.5 -> 0 | BN41: =0/172.5 -> 0 | BO41: =0/157.5 -> 0 | BP41: =0/157.5 -> 0 | BQ41: =0/157.5 -> 0 | BR41: =0/157.5 -> 0 | BS41: =0/157.5 -> 0 | BT41: =0/172.5 -> 0 | BU41: =0/172.5 -> 0 | BV41: =0/172.5 -> 0 | BW41: =0/157.5 -> 0 | BX41: =0/157.5 -> 0 | BY41: =0/157.5 -> 0 | BZ41: =0/157.5 -> 0 | CA41: =0/157.5 -> 0 | CB41: =0/172.5 -> 0 | CC41: =0/172.5 -> 0 | CD41: =0/172.5 -> 0 | CE41: =0/157.5 -> 0 | CF41: =0/157.5 -> 0 | CG41: =0/157.5 -> 0 | CH41: =0/157.5 -> 0 | CI41: =0/157.5 -> 0 | CJ41: =0/172.5 -> 0 | CK41: =0/172.5 -> 0 | CL41: =0/172.5 -> 0 | CM41: =0/142.5 -> 0 | CN41: =0/142.5 -> 0 | CO41: =0/142.5 -> 0 | CP41: =0/142.5 -> 0 | CQ41: =0/142.5 -> 0 | CR41: =0/172.5 -> 0 | CS41: =0/172.5 -> 0 | CT41: =0/172.5 -> 0
N42: 実績 | O42: =0/127.5 -> 0 | P42: =0/127.5 -> 0 | Q42: =0/127.5 -> 0 | R42: =0/127.5 -> 0 | S42: =0/127.5 -> 0 | T42: =0/127.5 -> 0 | U42: =0/127.5 -> 0 | V42: =(0+6.5+4.5)/142.5 -> 0.077192982 | W42: =(0)/142.5 -> 0 | X42: =(0)/142.5 -> 0 | Y42: =(0+12+12)/142.5 -> 0.16842105 | Z42: =(0+13+13+4)/142.5 -> 0.21052632 | AA42: =(0)/142.5 -> 0 | AB42: =(1+5+6+3.5)/165 -> 0.093939394 | AC42: =(0+9.5+15+9.5)/165 -> 0.20606061 | AD42: =(0)/165 -> 0 | AE42: =(18+26.5+30.5+23.5+12.5)/165 -> 0.67272727 | AF42: =(9+21.5+30+26.5+19.5)/165 -> 0.64545455 | AG42: =(0)/165 -> 0 | AH42: =(1+2+3.5+0.5+1+2.5)/165 -> 0.063636364 | AI42: =(2+2+4+6+3+4.5)/165 -> 0.13030303 | AJ42: =(0)/165 -> 0 | AK42: =(0+6.5+12.5+24+18.5+8)/165 -> 0.42121212 | AL42: =(5+28+27.5+30+21+10.5)/165 -> 0.73939394 | AM42: =(0)/165 -> 0 | AN42: =(2.5+1.75+3.5)/157.5 -> 0.049206349 | AO42: =(7.75+12+15.25+16.5+14.5)/157.5 -> 0.41904762 | AP42: =(0)/157.5 -> 0 | AQ42: =(6.25+21+27.75+12)/157.5 -> 0.42539683 | AR42: =(18+31.75+32.25+33.75+14)/157.5 -> 0.82380952 | AS42: =(5.25)/157.5 -> 0.033333333 | AT42: =(3+2.75+1)/165 -> 0.040909091 | AU42: =(5.5+5.5+8.25+2.5)/165 -> 0.13181818 | AV42: =(0)/165 -> 0 | AW42: =(0+18.25+21+8.25+10.5)/165 -> 0.35151515 | AX42: =(7.25+20.75+35.75+12+8.5)/165 -> 0.51060606 | AY42: =(0)/165 -> 0 | AZ42: =(1.25)/150 -> 0.0083333333 | BA42: =(0)/150 -> 0 | BB42: =(0)/150 -> 0 | BC42: =(0)/150 -> 0 | BD42: =(14.75)/150 -> 0.098333333 | BE42: =(0)/150 -> 0 | BF42: =(0)/150 -> 0 | BG42: =0/142.5 -> 0 | BH42: =0/142.5 -> 0 | BI42: =0/142.5 -> 0 | BJ42: =0/142.5 -> 0 | BK42: =0/142.5 -> 0 | BL42: =0/172.5 -> 0 | BM42: =0/172.5 -> 0 | BN42: =0/172.5 -> 0 | BO42: =0/157.5 -> 0 | BP42: =0/157.5 -> 0 | BQ42: =0/157.5 -> 0 | BR42: =0/157.5 -> 0 | BS42: =0/157.5 -> 0 | BT42: =0/172.5 -> 0 | BU42: =0/172.5 -> 0 | BV42: =0/172.5 -> 0 | BW42: =0/157.5 -> 0 | BX42: =0/157.5 -> 0 | BY42: =0/157.5 -> 0 | BZ42: =0/157.5 -> 0 | CA42: =0/157.5 -> 0 | CB42: =0/172.5 -> 0 | CC42: =0/172.5 -> 0 | CD42: =0/172.5 -> 0 | CE42: =0/157.5 -> 0 | CF42: =0/157.5 -> 0 | CG42: =0/157.5 -> 0 | CH42: =0/157.5 -> 0 | CI42: =0/157.5 -> 0 | CJ42: =0/172.5 -> 0 | CK42: =0/172.5 -> 0 | CL42: =0/172.5 -> 0 | CM42: =0/142.5 -> 0 | CN42: =0/142.5 -> 0 | CO42: =0/142.5 -> 0 | CP42: =0/142.5 -> 0 | CQ42: =0/142.5 -> 0 | CR42: =0/172.5 -> 0 | CS42: =0/172.5 -> 0 | CT42: =0/172.5 -> 0
A43: 19 | B43: 完了 | C43: 定型 | D43: 邵 | E43: F206 | F43: PB00202128 | G43: PB00202128_【定型】目論見書閲覧画面の文言追加対応 | H43: =SUM(AZ43:BF43) -> 0 | I43: =SUM(AZ44:BF44) -> 0 | N43: 計画 | O43: =0/127.5 -> 0 | P43: =0/127.5 -> 0 | Q43: =0/127.5 -> 0 | R43: =0/127.5 -> 0 | S43: =0/127.5 -> 0 | T43: =0/127.5 -> 0 | U43: =0/127.5 -> 0 | V43: =(5)/142.5 -> 0.035087719 | W43: =(0)/142.5 -> 0 | X43: =(7.5)/142.5 -> 0.052631579 | Y43: =(0)/142.5 -> 0 | Z43: =(0)/142.5 -> 0 | AA43: =(7.5)/142.5 -> 0.052631579 | AB43: =(2)/165 -> 0.012121212 | AC43: =(0)/165 -> 0 | AD43: =(3)/165 -> 0.018181818 | AE43: =(0)/165 -> 0 | AF43: =(0)/165 -> 0 | AG43: =(5)/165 -> 0.03030303 | AH43: =(0)/165 -> 0 | AI43: =(0)/165 -> 0 | AJ43: =(0)/165 -> 0 | AK43: =(0)/165 -> 0 | AL43: =(0)/165 -> 0 | AM43: =(0)/165 -> 0 | AN43: =(0)/157.5 -> 0 | AO43: =(0)/157.5 -> 0 | AP43: =(0)/157.5 -> 0 | AQ43: =(0)/157.5 -> 0 | AR43: =(0)/157.5 -> 0 | AS43: =(0)/157.5 -> 0 | AT43: =(0)/165 -> 0 | AU43: =(0)/165 -> 0 | AV43: =(0)/165 -> 0 | AW43: =(0)/165 -> 0 | AX43: =(0)/165 -> 0 | AY43: =(0)/165 -> 0 | AZ43: =(0)/150 -> 0 | BA43: =(0)/150 -> 0 | BB43: =(0)/150 -> 0 | BC43: =(0)/150 -> 0 | BD43: =(0)/150 -> 0 | BE43: =(0)/150 -> 0 | BF43: =(0)/150 -> 0 | BG43: =0/142.5 -> 0 | BH43: =0/142.5 -> 0 | BI43: =0/142.5 -> 0 | BJ43: =0/142.5 -> 0 | BK43: =0/142.5 -> 0 | BL43: =0/172.5 -> 0 | BM43: =0/172.5 -> 0 | BN43: =0/172.5 -> 0 | BO43: =0/157.5 -> 0 | BP43: =0/157.5 -> 0 | BQ43: =0/157.5 -> 0 | BR43: =0/157.5 -> 0 | BS43: =0/157.5 -> 0 | BT43: =0/172.5 -> 0 | BU43: =0/172.5 -> 0 | BV43: =0/172.5 -> 0 | BW43: =0/157.5 -> 0 | BX43: =0/157.5 -> 0 | BY43: =0/157.5 -> 0 | BZ43: =0/157.5 -> 0 | CA43: =0/157.5 -> 0 | CB43: =0/172.5 -> 0 | CC43: =0/172.5 -> 0 | CD43: =0/172.5 -> 0 | CE43: =0/157.5 -> 0 | CF43: =0/157.5 -> 0 | CG43: =0/157.5 -> 0 | CH43: =0/157.5 -> 0 | CI43: =0/157.5 -> 0 | CJ43: =0/172.5 -> 0 | CK43: =0/172.5 -> 0 | CL43: =0/172.5 -> 0 | CM43: =0/142.5 -> 0 | CN43: =0/142.5 -> 0 | CO43: =0/142.5 -> 0 | CP43: =0/142.5 -> 0 | CQ43: =0/142.5 -> 0 | CR43: =0/172.5 -> 0 | CS43: =0/172.5 -> 0 | CT43: =0/172.5 -> 0
N44: 実績 | O44: =0/127.5 -> 0 | P44: =0/127.5 -> 0 | Q44: =0/127.5 -> 0 | R44: =0/127.5 -> 0 | S44: =0/127.5 -> 0 | T44: =0/127.5 -> 0 | U44: =0/127.5 -> 0 | V44: =(0+3)/142.5 -> 0.021052632 | W44: =(0)/142.5 -> 0 | X44: =(1+4+1)/142.5 -> 0.042105263 | Y44: =(0)/142.5 -> 0 | Z44: =(0)/142.5 -> 0 | AA44: =(0+4+2)/142.5 -> 0.042105263 | AB44: =(1)/165 -> 0.0060606061 | AC44: =(0)/165 -> 0 | AD44: =(4)/165 -> 0.024242424 | AE44: =(0)/165 -> 0 | AF44: =(0)/165 -> 0 | AG44: =(4+1)/165 -> 0.03030303 | AH44: =(0)/165 -> 0 | AI44: =(0)/165 -> 0 | AJ44: =(0)/165 -> 0 | AK44: =(0)/165 -> 0 | AL44: =(0)/165 -> 0 | AM44: =(0)/165 -> 0 | AN44: =(0)/157.5 -> 0 | AO44: =(0)/157.5 -> 0 | AP44: =(0)/157.5 -> 0 | AQ44: =(0)/157.5 -> 0 | AR44: =(0)/157.5 -> 0 | AS44: =(0)/157.5 -> 0 | AT44: =(0)/165 -> 0 | AU44: =(0)/165 -> 0 | AV44: =(0)/165 -> 0 | AW44: =(0)/165 -> 0 | AX44: =(0)/165 -> 0 | AY44: =(0)/165 -> 0 | AZ44: =(0)/150 -> 0 | BA44: =(0)/150 -> 0 | BB44: =(0)/150 -> 0 | BC44: =(0)/150 -> 0 | BD44: =(0)/150 -> 0 | BE44: =(0)/150 -> 0 | BF44: =(0)/150 -> 0 | BG44: =0/142.5 -> 0 | BH44: =0/142.5 -> 0 | BI44: =0/142.5 -> 0 | BJ44: =0/142.5 -> 0 | BK44: =0/142.5 -> 0 | BL44: =0/172.5 -> 0 | BM44: =0/172.5 -> 0 | BN44: =0/172.5 -> 0 | BO44: =0/157.5 -> 0 | BP44: =0/157.5 -> 0 | BQ44: =0/157.5 -> 0 | BR44: =0/157.5 -> 0 | BS44: =0/157.5 -> 0 | BT44: =0/172.5 -> 0 | BU44: =0/172.5 -> 0 | BV44: =0/172.5 -> 0 | BW44: =0/157.5 -> 0 | BX44: =0/157.5 -> 0 | BY44: =0/157.5 -> 0 | BZ44: =0/157.5 -> 0 | CA44: =0/157.5 -> 0 | CB44: =0/172.5 -> 0 | CC44: =0/172.5 -> 0 | CD44: =0/172.5 -> 0 | CE44: =0/157.5 -> 0 | CF44: =0/157.5 -> 0 | CG44: =0/157.5 -> 0 | CH44: =0/157.5 -> 0 | CI44: =0/157.5 -> 0 | CJ44: =0/172.5 -> 0 | CK44: =0/172.5 -> 0 | CL44: =0/172.5 -> 0 | CM44: =0/142.5 -> 0 | CN44: =0/142.5 -> 0 | CO44: =0/142.5 -> 0 | CP44: =0/142.5 -> 0 | CQ44: =0/142.5 -> 0 | CR44: =0/172.5 -> 0 | CS44: =0/172.5 -> 0 | CT44: =0/172.5 -> 0
A45: 20 | B45: 完了 | C45: その他 | D45: 邵 | E45: IC1 | F45: PBxxxxxxxx | G45: 【調査依頼】4685_PBxxxxxxxx_(52)FISフェイルオーバー時の再接続に関する調査依頼 | H45: =SUM(AZ45:BF45) -> 0 | I45: =SUM(AZ46:BF46) -> 0 | N45: 計画 | O45: =0/127.5 -> 0 | P45: =0/127.5 -> 0 | Q45: =0/127.5 -> 0 | R45: =0/127.5 -> 0 | S45: =0/127.5 -> 0 | T45: =0/127.5 -> 0 | U45: =0/127.5 -> 0 | V45: =(0)/142.5 -> 0 | W45: =(0)/142.5 -> 0 | X45: =(0)/142.5 -> 0 | Y45: =(0)/142.5 -> 0 | Z45: =(0)/142.5 -> 0 | AA45: =(0)/142.5 -> 0 | AB45: =(5)/165 -> 0.03030303 | AC45: =(0)/165 -> 0 | AD45: =(0)/165 -> 0 | AE45: =(0)/165 -> 0 | AF45: =(15)/165 -> 0.090909091 | AG45: =(0)/165 -> 0 | AH45: =(0)/165 -> 0 | AI45: =(0)/165 -> 0 | AJ45: =(0)/165 -> 0 | AK45: =(0)/165 -> 0 | AL45: =(0)/165 -> 0 | AM45: =(0)/165 -> 0 | AN45: =(0)/157.5 -> 0 | AO45: =(0)/157.5 -> 0 | AP45: =(0)/157.5 -> 0 | AQ45: =(0)/157.5 -> 0 | AR45: =(0)/157.5 -> 0 | AS45: =(0)/157.5 -> 0 | AT45: =(0)/165 -> 0 | AU45: =(0)/165 -> 0 | AV45: =(0)/165 -> 0 | AW45: =(0)/165 -> 0 | AX45: =(0)/165 -> 0 | AY45: =(0)/165 -> 0 | AZ45: =(0)/150 -> 0 | BA45: =(0)/150 -> 0 | BB45: =(0)/150 -> 0 | BC45: =(0)/150 -> 0 | BD45: =(0)/150 -> 0 | BE45: =(0)/150 -> 0 | BF45: =(0)/150 -> 0 | BG45: =0/142.5 -> 0 | BH45: =0/142.5 -> 0 | BI45: =0/142.5 -> 0 | BJ45: =0/142.5 -> 0 | BK45: =0/142.5 -> 0 | BL45: =0/172.5 -> 0 | BM45: =0/172.5 -> 0 | BN45: =0/172.5 -> 0 | BO45: =0/157.5 -> 0 | BP45: =0/157.5 -> 0 | BQ45: =0/157.5 -> 0 | BR45: =0/157.5 -> 0 | BS45: =0/157.5 -> 0 | BT45: =0/172.5 -> 0 | BU45: =0/172.5 -> 0 | BV45: =0/172.5 -> 0 | BW45: =0/157.5 -> 0 | BX45: =0/157.5 -> 0 | BY45: =0/157.5 -> 0 | BZ45: =0/157.5 -> 0 | CA45: =0/157.5 -> 0 | CB45: =0/172.5 -> 0 | CC45: =0/172.5 -> 0 | CD45: =0/172.5 -> 0 | CE45: =0/157.5 -> 0 | CF45: =0/157.5 -> 0 | CG45: =0/157.5 -> 0 | CH45: =0/157.5 -> 0 | CI45: =0/157.5 -> 0 | CJ45: =0/172.5 -> 0 | CK45: =0/172.5 -> 0 | CL45: =0/172.5 -> 0 | CM45: =0/142.5 -> 0 | CN45: =0/142.5 -> 0 | CO45: =0/142.5 -> 0 | CP45: =0/142.5 -> 0 | CQ45: =0/142.5 -> 0 | CR45: =0/172.5 -> 0 | CS45: =0/172.5 -> 0 | CT45: =0/172.5 -> 0
N46: 実績 | O46: =0/127.5 -> 0 | P46: =0/127.5 -> 0 | Q46: =0/127.5 -> 0 | R46: =0/127.5 -> 0 | S46: =0/127.5 -> 0 | T46: =0/127.5 -> 0 | U46: =0/127.5 -> 0 | V46: =(0)/142.5 -> 0 | W46: =(0)/142.5 -> 0 | X46: =(0)/142.5 -> 0 | Y46: =(0)/142.5 -> 0 | Z46: =(0)/142.5 -> 0 | AA46: =(0)/142.5 -> 0 | AB46: =(3+3+3)/165 -> 0.054545455 | AC46: =(0)/165 -> 0 | AD46: =(0)/165 -> 0 | AE46: =(0)/165 -> 0 | AF46: =(3+2.5+0.5)/165 -> 0.036363636 | AG46: =(0)/165 -> 0 | AH46: =(0)/165 -> 0 | AI46: =(0)/165 -> 0 | AJ46: =(0)/165 -> 0 | AK46: =(0)/165 -> 0 | AL46: =(0)/165 -> 0 | AM46: =(0)/165 -> 0 | AN46: =(0)/157.5 -> 0 | AO46: =(0)/157.5 -> 0 | AP46: =(0)/157.5 -> 0 | AQ46: =(0)/157.5 -> 0 | AR46: =(0)/157.5 -> 0 | AS46: =(0)/157.5 -> 0 | AT46: =(0)/165 -> 0 | AU46: =(0)/165 -> 0 | AV46: =(0)/165 -> 0 | AW46: =(0)/165 -> 0 | AX46: =(0)/165 -> 0 | AY46: =(0)/165 -> 0 | AZ46: =(0)/150 -> 0 | BA46: =(0)/150 -> 0 | BB46: =(0)/150 -> 0 | BC46: =(0)/150 -> 0 | BD46: =(0)/150 -> 0 | BE46: =(0)/150 -> 0 | BF46: =(0)/150 -> 0 | BG46: =0/142.5 -> 0 | BH46: =0/142.5 -> 0 | BI46: =0/142.5 -> 0 | BJ46: =0/142.5 -> 0 | BK46: =0/142.5 -> 0 | BL46: =0/172.5 -> 0 | BM46: =0/172.5 -> 0 | BN46: =0/172.5 -> 0 | BO46: =0/157.5 -> 0 | BP46: =0/157.5 -> 0 | BQ46: =0/157.5 -> 0 | BR46: =0/157.5 -> 0 | BS46: =0/157.5 -> 0 | BT46: =0/172.5 -> 0 | BU46: =0/172.5 -> 0 | BV46: =0/172.5 -> 0 | BW46: =0/157.5 -> 0 | BX46: =0/157.5 -> 0 | BY46: =0/157.5 -> 0 | BZ46: =0/157.5 -> 0 | CA46: =0/157.5 -> 0 | CB46: =0/172.5 -> 0 | CC46: =0/172.5 -> 0 | CD46: =0/172.5 -> 0 | CE46: =0/157.5 -> 0 | CF46: =0/157.5 -> 0 | CG46: =0/157.5 -> 0 | CH46: =0/157.5 -> 0 | CI46: =0/157.5 -> 0 | CJ46: =0/172.5 -> 0 | CK46: =0/172.5 -> 0 | CL46: =0/172.5 -> 0 | CM46: =0/142.5 -> 0 | CN46: =0/142.5 -> 0 | CO46: =0/142.5 -> 0 | CP46: =0/142.5 -> 0 | CQ46: =0/142.5 -> 0 | CR46: =0/172.5 -> 0 | CS46: =0/172.5 -> 0 | CT46: =0/172.5 -> 0
A47: 21 | B47: 完了 | C47: その他 | D47: 坂野 | E47: EPM15 | G47: 【対応依頼】【EPM】(0D)レポーティング権限開放(WB4顧客セキュリティ設定リスト) | H47: =SUM(AZ47:BF47) -> 0 | I47: =SUM(AZ48:BF48) -> 0 | N47: 計画 | O47: =0/127.5 -> 0 | P47: =0/127.5 -> 0 | Q47: =0/127.5 -> 0 | R47: =0/127.5 -> 0 | S47: =0/127.5 -> 0 | T47: =0/127.5 -> 0 | U47: =0/127.5 -> 0 | V47: =(0)/142.5 -> 0 | W47: =(0)/142.5 -> 0 | X47: =(0)/142.5 -> 0 | Y47: =(0)/142.5 -> 0 | Z47: =(0)/142.5 -> 0 | AA47: =(0)/142.5 -> 0 | AB47: =(0)/165 -> 0 | AC47: =(0)/165 -> 0 | AD47: =(10)/165 -> 0.060606061 | AE47: =(0)/165 -> 0 | AF47: =(0)/165 -> 0 | AG47: =(15)/165 -> 0.090909091 | AH47: =(0)/165 -> 0 | AI47: =(0)/165 -> 0 | AJ47: =(0)/165 -> 0 | AK47: =(0)/165 -> 0 | AL47: =(0)/165 -> 0 | AM47: =(0)/165 -> 0 | AN47: =(0)/157.5 -> 0 | AO47: =(0)/157.5 -> 0 | AP47: =(0)/157.5 -> 0 | AQ47: =(0)/157.5 -> 0 | AR47: =(0)/157.5 -> 0 | AS47: =(0)/157.5 -> 0 | AT47: =(0)/165 -> 0 | AU47: =(0)/165 -> 0 | AV47: =(0)/165 -> 0 | AW47: =(0)/165 -> 0 | AX47: =(0)/165 -> 0 | AY47: =(0)/165 -> 0 | AZ47: =(0)/150 -> 0 | BA47: =(0)/150 -> 0 | BB47: =(0)/150 -> 0 | BC47: =(0)/150 -> 0 | BD47: =(0)/150 -> 0 | BE47: =(0)/150 -> 0 | BF47: =(0)/150 -> 0 | BG47: =0/142.5 -> 0 | BH47: =0/142.5 -> 0 | BI47: =0/142.5 -> 0 | BJ47: =0/142.5 -> 0 | BK47: =0/142.5 -> 0 | BL47: =0/172.5 -> 0 | BM47: =0/172.5 -> 0 | BN47: =0/172.5 -> 0 | BO47: =0/157.5 -> 0 | BP47: =0/157.5 -> 0 | BQ47: =0/157.5 -> 0 | BR47: =0/157.5 -> 0 | BS47: =0/157.5 -> 0 | BT47: =0/172.5 -> 0 | BU47: =0/172.5 -> 0 | BV47: =0/172.5 -> 0 | BW47: =0/157.5 -> 0 | BX47: =0/157.5 -> 0 | BY47: =0/157.5 -> 0 | BZ47: =0/157.5 -> 0 | CA47: =0/157.5 -> 0 | CB47: =0/172.5 -> 0 | CC47: =0/172.5 -> 0 | CD47: =0/172.5 -> 0 | CE47: =0/157.5 -> 0 | CF47: =0/157.5 -> 0 | CG47: =0/157.5 -> 0 | CH47: =0/157.5 -> 0 | CI47: =0/157.5 -> 0 | CJ47: =0/172.5 -> 0 | CK47: =0/172.5 -> 0 | CL47: =0/172.5 -> 0 | CM47: =0/142.5 -> 0 | CN47: =0/142.5 -> 0 | CO47: =0/142.5 -> 0 | CP47: =0/142.5 -> 0 | CQ47: =0/142.5 -> 0 | CR47: =0/172.5 -> 0 | CS47: =0/172.5 -> 0 | CT47: =0/172.5 -> 0
N48: 実績 | O48: =0/127.5 -> 0 | P48: =0/127.5 -> 0 | Q48: =0/127.5 -> 0 | R48: =0/127.5 -> 0 | S48: =0/127.5 -> 0 | T48: =0/127.5 -> 0 | U48: =0/127.5 -> 0 | V48: =(0)/142.5 -> 0 | W48: =(0)/142.5 -> 0 | X48: =(0)/142.5 -> 0 | Y48: =(0)/142.5 -> 0 | Z48: =(0)/142.5 -> 0 | AA48: =(0)/142.5 -> 0 | AB48: =(0)/165 -> 0 | AC48: =(0)/165 -> 0 | AD48: =(1+8)/165 -> 0.054545455 | AE48: =(0)/165 -> 0 | AF48: =(0)/165 -> 0 | AG48: =(4+7)/165 -> 0.066666667 | AH48: =(0)/165 -> 0 | AI48: =(0)/165 -> 0 | AJ48: =(0)/165 -> 0 | AK48: =(0)/165 -> 0 | AL48: =(0)/165 -> 0 | AM48: =(0)/165 -> 0 | AN48: =(0)/157.5 -> 0 | AO48: =(0)/157.5 -> 0 | AP48: =(0)/157.5 -> 0 | AQ48: =(0)/157.5 -> 0 | AR48: =(0)/157.5 -> 0 | AS48: =(0)/157.5 -> 0 | AT48: =(0)/165 -> 0 | AU48: =(0)/165 -> 0 | AV48: =(0)/165 -> 0 | AW48: =(0)/165 -> 0 | AX48: =(0)/165 -> 0 | AY48: =(0)/165 -> 0 | AZ48: =(0)/150 -> 0 | BA48: =(0)/150 -> 0 | BB48: =(0)/150 -> 0 | BC48: =(0)/150 -> 0 | BD48: =(0)/150 -> 0 | BE48: =(0)/150 -> 0 | BF48: =(0)/150 -> 0 | BG48: =0/142.5 -> 0 | BH48: =0/142.5 -> 0 | BI48: =0/142.5 -> 0 | BJ48: =0/142.5 -> 0 | BK48: =0/142.5 -> 0 | BL48: =0/172.5 -> 0 | BM48: =0/172.5 -> 0 | BN48: =0/172.5 -> 0 | BO48: =0/157.5 -> 0 | BP48: =0/157.5 -> 0 | BQ48: =0/157.5 -> 0 | BR48: =0/157.5 -> 0 | BS48: =0/157.5 -> 0 | BT48: =0/172.5 -> 0 | BU48: =0/172.5 -> 0 | BV48: =0/172.5 -> 0 | BW48: =0/157.5 -> 0 | BX48: =0/157.5 -> 0 | BY48: =0/157.5 -> 0 | BZ48: =0/157.5 -> 0 | CA48: =0/157.5 -> 0 | CB48: =0/172.5 -> 0 | CC48: =0/172.5 -> 0 | CD48: =0/172.5 -> 0 | CE48: =0/157.5 -> 0 | CF48: =0/157.5 -> 0 | CG48: =0/157.5 -> 0 | CH48: =0/157.5 -> 0 | CI48: =0/157.5 -> 0 | CJ48: =0/172.5 -> 0 | CK48: =0/172.5 -> 0 | CL48: =0/172.5 -> 0 | CM48: =0/142.5 -> 0 | CN48: =0/142.5 -> 0 | CO48: =0/142.5 -> 0 | CP48: =0/142.5 -> 0 | CQ48: =0/142.5 -> 0 | CR48: =0/172.5 -> 0 | CS48: =0/172.5 -> 0 | CT48: =0/172.5 -> 0
A49: 22 | B49: 完了 | C49: その他 | D49: 土井 | E49: PR18 | G49: 【開発依頼】【LISA】【1V254導入対応】(1V254)SONAR導入対応 | H49: =SUM(AZ49:BF49) -> 0 | I49: =SUM(AZ50:BF50) -> 0 | N49: 計画 | O49: =0/127.5 -> 0 | P49: =0/127.5 -> 0 | Q49: =0/127.5 -> 0 | R49: =0/127.5 -> 0 | S49: =0/127.5 -> 0 | T49: =0/127.5 -> 0 | U49: =0/127.5 -> 0 | V49: =0/142.5 -> 0 | W49: =0/142.5 -> 0 | X49: =0/142.5 -> 0 | Y49: =0/142.5 -> 0 | Z49: =0/142.5 -> 0 | AA49: =0/165 -> 0 | AB49: =(9)/165 -> 0.054545455 | AC49: =(30)/165 -> 0.18181818 | AD49: =(0)/165 -> 0 | AE49: =(0)/165 -> 0 | AF49: =(0)/165 -> 0 | AG49: =(33)/165 -> 0.2 | AH49: =(10)/165 -> 0.060606061 | AI49: =(37)/165 -> 0.22424242 | AJ49: =(0)/165 -> 0 | AK49: =(0)/165 -> 0 | AL49: =(0)/165 -> 0 | AM49: =(37)/165 -> 0.22424242 | AN49: =(0)/157.5 -> 0 | AO49: =(0)/157.5 -> 0 | AP49: =(0)/157.5 -> 0 | AQ49: =(0)/157.5 -> 0 | AR49: =(0)/157.5 -> 0 | AS49: =(0)/157.5 -> 0 | AT49: =(1)/165 -> 0.0060606061 | AU49: =(1)/165 -> 0.0060606061 | AV49: =(0)/165 -> 0 | AW49: =(0)/165 -> 0 | AX49: =(0)/165 -> 0 | AY49: =(3)/165 -> 0.018181818 | AZ49: =(0)/150 -> 0 | BA49: =(0)/150 -> 0 | BB49: =(0)/150 -> 0 | BC49: =(0)/150 -> 0 | BD49: =(0)/150 -> 0 | BE49: =(0)/150 -> 0 | BF49: =(0)/150 -> 0 | BG49: =0/142.5 -> 0 | BH49: =0/142.5 -> 0 | BI49: =0/142.5 -> 0 | BJ49: =0/142.5 -> 0 | BK49: =0/142.5 -> 0 | BL49: =0/172.5 -> 0 | BM49: =0/172.5 -> 0 | BN49: =0/172.5 -> 0 | BO49: =0/157.5 -> 0 | BP49: =0/157.5 -> 0 | BQ49: =0/157.5 -> 0 | BR49: =0/157.5 -> 0 | BS49: =0/157.5 -> 0 | BT49: =0/172.5 -> 0 | BU49: =0/172.5 -> 0 | BV49: =0/172.5 -> 0 | BW49: =0/157.5 -> 0 | BX49: =0/157.5 -> 0 | BY49: =0/157.5 -> 0 | BZ49: =0/157.5 -> 0 | CA49: =0/157.5 -> 0 | CB49: =0/172.5 -> 0 | CC49: =0/172.5 -> 0 | CD49: =0/172.5 -> 0 | CE49: =0/157.5 -> 0 | CF49: =0/157.5 -> 0 | CG49: =0/157.5 -> 0 | CH49: =0/157.5 -> 0 | CI49: =0/157.5 -> 0 | CJ49: =0/172.5 -> 0 | CK49: =0/172.5 -> 0 | CL49: =0/172.5 -> 0 | CM49: =0/142.5 -> 0 | CN49: =0/142.5 -> 0 | CO49: =0/142.5 -> 0 | CP49: =0/142.5 -> 0 | CQ49: =0/142.5 -> 0 | CR49: =0/172.5 -> 0 | CS49: =0/172.5 -> 0 | CT49: =0/172.5 -> 0
N50: 実績 | O50: =0/127.5 -> 0 | P50: =0/127.5 -> 0 | Q50: =0/127.5 -> 0 | R50: =0/127.5 -> 0 | S50: =0/127.5 -> 0 | T50: =0/127.5 -> 0 | U50: =0/127.5 -> 0 | V50: =0/142.5 -> 0 | W50: =0/142.5 -> 0 | X50: =0/142.5 -> 0 | Y50: =0/142.5 -> 0 | Z50: =0/142.5 -> 0 | AA50: =0/165 -> 0 | AB50: =(3.5+2.5+1)/165 -> 0.042424242 | AC50: =(4.5+12+13)/165 -> 0.17878788 | AD50: =(0)/165 -> 0 | AE50: =(0)/165 -> 0 | AF50: =(0)/165 -> 0 | AG50: =(3+18.5+11.5)/165 -> 0.2 | AH50: =(1+1+5+2.5)/165 -> 0.057575758 | AI50: =(4.5+5+5.5+11.5+7.5)/165 -> 0.20606061 | AJ50: =(0)/165 -> 0 | AK50: =(0)/165 -> 0 | AL50: =(0)/165 -> 0 | AM50: =(4+5+8.5+12+7.25)/165 -> 0.22272727 | AN50: =(0)/157.5 -> 0 | AO50: =(0)/157.5 -> 0 | AP50: =(0)/157.5 -> 0 | AQ50: =(0)/157.5 -> 0 | AR50: =(0)/157.5 -> 0 | AS50: =(0)/157.5 -> 0 | AT50: =(1)/165 -> 0.0060606061 | AU50: =(1.5)/165 -> 0.0090909091 | AV50: =(0)/165 -> 0 | AW50: =(0)/165 -> 0 | AX50: =(0)/165 -> 0 | AY50: =(2.5)/165 -> 0.015151515 | AZ50: =(0)/150 -> 0 | BA50: =(0)/150 -> 0 | BB50: =(0)/150 -> 0 | BC50: =(0)/150 -> 0 | BD50: =(0)/150 -> 0 | BE50: =(0)/150 -> 0 | BF50: =(0)/150 -> 0 | BG50: =0/142.5 -> 0 | BH50: =0/142.5 -> 0 | BI50: =0/142.5 -> 0 | BJ50: =0/142.5 -> 0 | BK50: =0/142.5 -> 0 | BL50: =0/172.5 -> 0 | BM50: =0/172.5 -> 0 | BN50: =0/172.5 -> 0 | BO50: =0/157.5 -> 0 | BP50: =0/157.5 -> 0 | BQ50: =0/157.5 -> 0 | BR50: =0/157.5 -> 0 | BS50: =0/157.5 -> 0 | BT50: =0/172.5 -> 0 | BU50: =0/172.5 -> 0 | BV50: =0/172.5 -> 0 | BW50: =0/157.5 -> 0 | BX50: =0/157.5 -> 0 | BY50: =0/157.5 -> 0 | BZ50: =0/157.5 -> 0 | CA50: =0/157.5 -> 0 | CB50: =0/172.5 -> 0 | CC50: =0/172.5 -> 0 | CD50: =0/172.5 -> 0 | CE50: =0/157.5 -> 0 | CF50: =0/157.5 -> 0 | CG50: =0/157.5 -> 0 | CH50: =0/157.5 -> 0 | CI50: =0/157.5 -> 0 | CJ50: =0/172.5 -> 0 | CK50: =0/172.5 -> 0 | CL50: =0/172.5 -> 0 | CM50: =0/142.5 -> 0 | CN50: =0/142.5 -> 0 | CO50: =0/142.5 -> 0 | CP50: =0/142.5 -> 0 | CQ50: =0/142.5 -> 0 | CR50: =0/172.5 -> 0 | CS50: =0/172.5 -> 0 | CT50: =0/172.5 -> 0
A51: 23 | B51: 着手中 | C51: その他 | D51: 田中 | E51: BT9 | F51: PBxxxxxxxx | G51: 【開発依頼】4720_PBxxxxxxxx_【保守】デーモン停止チェック漏れ改善 | H51: =SUM(AZ51:BF51) -> 0.18 | I51: =SUM(AZ52:BF52) -> 0.21666667 | N51: 計画 | O51: =0/127.5 -> 0 | P51: =0/127.5 -> 0 | Q51: =0/127.5 -> 0 | R51: =0/127.5 -> 0 | S51: =0/127.5 -> 0 | T51: =0/127.5 -> 0 | U51: =0/127.5 -> 0 | V51: =0/142.5 -> 0 | W51: =0/142.5 -> 0 | X51: =0/142.5 -> 0 | Y51: =0/142.5 -> 0 | Z51: =0/142.5 -> 0 | AA51: =0/165 -> 0 | AB51: =(5)/165 -> 0.03030303 | AC51: =(0)/165 -> 0 | AD51: =(5)/165 -> 0.03030303 | AE51: =(0)/165 -> 0 | AF51: =(0)/165 -> 0 | AG51: =(10)/165 -> 0.060606061 | AH51: =(8)/165 -> 0.048484848 | AI51: =(0)/165 -> 0 | AJ51: =(40)/165 -> 0.24242424 | AK51: =(0)/165 -> 0 | AL51: =(0)/165 -> 0 | AM51: =(25)/165 -> 0.15151515 | AN51: =(5)/157.5 -> 0.031746032 | AO51: =(0)/157.5 -> 0 | AP51: =(40)/157.5 -> 0.25396825 | AQ51: =(0)/157.5 -> 0 | AR51: =(0)/157.5 -> 0 | AS51: =(40)/157.5 -> 0.25396825 | AT51: =(9)/165 -> 0.054545455 | AU51: =(5)/165 -> 0.03030303 | AV51: =(95)/165 -> 0.57575758 | AW51: =(0)/165 -> 0 | AX51: =(0)/165 -> 0 | AY51: =(28)/165 -> 0.16969697 | AZ51: =(7)/150 -> 0.046666667 | BA51: =(0)/150 -> 0 | BB51: =(20)/150 -> 0.13333333 | BC51: =(0)/150 -> 0 | BD51: =(0)/150 -> 0 | BE51: =(0)/150 -> 0 | BF51: =(0)/150 -> 0 | BG51: =0/142.5 -> 0 | BH51: =0/142.5 -> 0 | BI51: =0/142.5 -> 0 | BJ51: =0/142.5 -> 0 | BK51: =0/142.5 -> 0 | BL51: =0/172.5 -> 0 | BM51: =0/172.5 -> 0 | BN51: =0/172.5 -> 0 | BO51: =0/157.5 -> 0 | BP51: =0/157.5 -> 0 | BQ51: =0/157.5 -> 0 | BR51: =0/157.5 -> 0 | BS51: =0/157.5 -> 0 | BT51: =0/172.5 -> 0 | BU51: =0/172.5 -> 0 | BV51: =0/172.5 -> 0 | BW51: =0/157.5 -> 0 | BX51: =0/157.5 -> 0 | BY51: =0/157.5 -> 0 | BZ51: =0/157.5 -> 0 | CA51: =0/157.5 -> 0 | CB51: =0/172.5 -> 0 | CC51: =0/172.5 -> 0 | CD51: =0/172.5 -> 0 | CE51: =0/157.5 -> 0 | CF51: =0/157.5 -> 0 | CG51: =0/157.5 -> 0 | CH51: =0/157.5 -> 0 | CI51: =0/157.5 -> 0 | CJ51: =0/172.5 -> 0 | CK51: =0/172.5 -> 0 | CL51: =0/172.5 -> 0 | CM51: =0/142.5 -> 0 | CN51: =0/142.5 -> 0 | CO51: =0/142.5 -> 0 | CP51: =0/142.5 -> 0 | CQ51: =0/142.5 -> 0 | CR51: =0/172.5 -> 0 | CS51: =0/172.5 -> 0 | CT51: =0/172.5 -> 0
N52: 実績 | O52: =0/127.5 -> 0 | P52: =0/127.5 -> 0 | Q52: =0/127.5 -> 0 | R52: =0/127.5 -> 0 | S52: =0/127.5 -> 0 | T52: =0/127.5 -> 0 | U52: =0/127.5 -> 0 | V52: =0/142.5 -> 0 | W52: =0/142.5 -> 0 | X52: =0/142.5 -> 0 | Y52: =0/142.5 -> 0 | Z52: =0/142.5 -> 0 | AA52: =0/165 -> 0 | AB52: =(3)/165 -> 0.018181818 | AC52: =(0)/165 -> 0 | AD52: =(7)/165 -> 0.042424242 | AE52: =(0)/165 -> 0 | AF52: =(0)/165 -> 0 | AG52: =(8)/165 -> 0.048484848 | AH52: =(2.5+3.5+0.5)/165 -> 0.039393939 | AI52: =(0)/165 -> 0 | AJ52: =(6+11+18+5.5)/165 -> 0.24545455 | AK52: =(0)/165 -> 0 | AL52: =(0)/165 -> 0 | AM52: =(3+8+8.5+1)/165 -> 0.12424242 | AN52: =(1.25+1+2.25)/157.5 -> 0.028571429 | AO52: =(0)/157.5 -> 0 | AP52: =(6+5.25+2+11+15.5)/157.5 -> 0.25238095 | AQ52: =(0)/157.5 -> 0 | AR52: =(0)/157.5 -> 0 | AS52: =(9+9+4.75+11.25+5)/157.5 -> 0.24761905 | AT52: =(3+1+1.5+2+3.5)/165 -> 0.066666667 | AU52: =(1.5+1)/165 -> 0.015151515 | AV52: =(10+14+12.25+25.75+32.75)/165 -> 0.57424242 | AW52: =(0)/165 -> 0 | AX52: =(0)/165 -> 0 | AY52: =(2+10.25+9.25+4.25)/165 -> 0.15606061 | AZ52: =(2.75)/150 -> 0.018333333 | BA52: =(0)/150 -> 0 | BB52: =(29.75)/150 -> 0.19833333 | BC52: =(0)/150 -> 0 | BD52: =(0)/150 -> 0 | BE52: =(0)/150 -> 0 | BF52: =(0)/150 -> 0 | BG52: =0/142.5 -> 0 | BH52: =0/142.5 -> 0 | BI52: =0/142.5 -> 0 | BJ52: =0/142.5 -> 0 | BK52: =0/142.5 -> 0 | BL52: =0/172.5 -> 0 | BM52: =0/172.5 -> 0 | BN52: =0/172.5 -> 0 | BO52: =0/157.5 -> 0 | BP52: =0/157.5 -> 0 | BQ52: =0/157.5 -> 0 | BR52: =0/157.5 -> 0 | BS52: =0/157.5 -> 0 | BT52: =0/172.5 -> 0 | BU52: =0/172.5 -> 0 | BV52: =0/172.5 -> 0 | BW52: =0/157.5 -> 0 | BX52: =0/157.5 -> 0 | BY52: =0/157.5 -> 0 | BZ52: =0/157.5 -> 0 | CA52: =0/157.5 -> 0 | CB52: =0/172.5 -> 0 | CC52: =0/172.5 -> 0 | CD52: =0/172.5 -> 0 | CE52: =0/157.5 -> 0 | CF52: =0/157.5 -> 0 | CG52: =0/157.5 -> 0 | CH52: =0/157.5 -> 0 | CI52: =0/157.5 -> 0 | CJ52: =0/172.5 -> 0 | CK52: =0/172.5 -> 0 | CL52: =0/172.5 -> 0 | CM52: =0/142.5 -> 0 | CN52: =0/142.5 -> 0 | CO52: =0/142.5 -> 0 | CP52: =0/142.5 -> 0 | CQ52: =0/142.5 -> 0 | CR52: =0/172.5 -> 0 | CS52: =0/172.5 -> 0 | CT52: =0/172.5 -> 0
A53: 24 | B53: 完了 | C53: 定型 | D53: 邵 | E53: F207 | G53: PB00202157_【定型】(46)外国株式ハードリミット設定依頼 | H53: =SUM(AZ53:BF53) -> 0 | I53: =SUM(AZ54:BF54) -> 0 | N53: 計画 | O53: =0/127.5 -> 0 | P53: =0/127.5 -> 0 | Q53: =0/127.5 -> 0 | R53: =0/127.5 -> 0 | S53: =0/127.5 -> 0 | T53: =0/127.5 -> 0 | U53: =0/127.5 -> 0 | V53: =0/142.5 -> 0 | W53: =0/142.5 -> 0 | X53: =0/142.5 -> 0 | Y53: =0/142.5 -> 0 | Z53: =0/142.5 -> 0 | AA53: =0/165 -> 0 | AB53: =0/165 -> 0 | AC53: =0/165 -> 0 | AD53: =0/165 -> 0 | AE53: =0/165 -> 0 | AF53: =0/165 -> 0 | AG53: =0/165 -> 0 | AH53: =(6)/165 -> 0.036363636 | AI53: =(8)/165 -> 0.048484848 | AJ53: =(0)/165 -> 0 | AK53: =(0)/165 -> 0 | AL53: =(0)/165 -> 0 | AM53: =(8)/165 -> 0.048484848 | AN53: =(0)/157.5 -> 0 | AO53: =(0)/157.5 -> 0 | AP53: =(0)/157.5 -> 0 | AQ53: =(0)/157.5 -> 0 | AR53: =(0)/157.5 -> 0 | AS53: =(0)/157.5 -> 0 | AT53: =(0)/165 -> 0 | AU53: =(0)/165 -> 0 | AV53: =(0)/165 -> 0 | AW53: =(0)/165 -> 0 | AX53: =(0)/165 -> 0 | AY53: =(0)/165 -> 0 | AZ53: =(0)/150 -> 0 | BA53: =(0)/150 -> 0 | BB53: =(0)/150 -> 0 | BC53: =(0)/150 -> 0 | BD53: =(0)/150 -> 0 | BE53: =(0)/150 -> 0 | BF53: =(0)/150 -> 0 | BG53: =0/142.5 -> 0 | BH53: =0/142.5 -> 0 | BI53: =0/142.5 -> 0 | BJ53: =0/142.5 -> 0 | BK53: =0/142.5 -> 0 | BL53: =0/172.5 -> 0 | BM53: =0/172.5 -> 0 | BN53: =0/172.5 -> 0 | BO53: =0/157.5 -> 0 | BP53: =0/157.5 -> 0 | BQ53: =0/157.5 -> 0 | BR53: =0/157.5 -> 0 | BS53: =0/157.5 -> 0 | BT53: =0/172.5 -> 0 | BU53: =0/172.5 -> 0 | BV53: =0/172.5 -> 0 | BW53: =0/157.5 -> 0 | BX53: =0/157.5 -> 0 | BY53: =0/157.5 -> 0 | BZ53: =0/157.5 -> 0 | CA53: =0/157.5 -> 0 | CB53: =0/172.5 -> 0 | CC53: =0/172.5 -> 0 | CD53: =0/172.5 -> 0 | CE53: =0/157.5 -> 0 | CF53: =0/157.5 -> 0 | CG53: =0/157.5 -> 0 | CH53: =0/157.5 -> 0 | CI53: =0/157.5 -> 0 | CJ53: =0/172.5 -> 0 | CK53: =0/172.5 -> 0 | CL53: =0/172.5 -> 0 | CM53: =0/142.5 -> 0 | CN53: =0/142.5 -> 0 | CO53: =0/142.5 -> 0 | CP53: =0/142.5 -> 0 | CQ53: =0/142.5 -> 0 | CR53: =0/172.5 -> 0 | CS53: =0/172.5 -> 0 | CT53: =0/172.5 -> 0
N54: 実績 | O54: =0/127.5 -> 0 | P54: =0/127.5 -> 0 | Q54: =0/127.5 -> 0 | R54: =0/127.5 -> 0 | S54: =0/127.5 -> 0 | T54: =0/127.5 -> 0 | U54: =0/127.5 -> 0 | V54: =0/142.5 -> 0 | W54: =0/142.5 -> 0 | X54: =0/142.5 -> 0 | Y54: =0/142.5 -> 0 | Z54: =0/142.5 -> 0 | AA54: =0/165 -> 0 | AB54: =0/165 -> 0 | AC54: =0/165 -> 0 | AD54: =0/165 -> 0 | AE54: =0/165 -> 0 | AF54: =0/165 -> 0 | AG54: =0/165 -> 0 | AH54: =(3.25)/165 -> 0.01969697 | AI54: =(8.5)/165 -> 0.051515152 | AJ54: =(0)/165 -> 0 | AK54: =(0)/165 -> 0 | AL54: =(0)/165 -> 0 | AM54: =(9)/165 -> 0.054545455 | AN54: =(0)/157.5 -> 0 | AO54: =(0)/157.5 -> 0 | AP54: =(0)/157.5 -> 0 | AQ54: =(0)/157.5 -> 0 | AR54: =(0)/157.5 -> 0 | AS54: =(0)/157.5 -> 0 | AT54: =(0)/165 -> 0 | AU54: =(0)/165 -> 0 | AV54: =(0)/165 -> 0 | AW54: =(0)/165 -> 0 | AX54: =(0)/165 -> 0 | AY54: =(0)/165 -> 0 | AZ54: =(0)/150 -> 0 | BA54: =(0)/150 -> 0 | BB54: =(0)/150 -> 0 | BC54: =(0)/150 -> 0 | BD54: =(0)/150 -> 0 | BE54: =(0)/150 -> 0 | BF54: =(0)/150 -> 0 | BG54: =0/142.5 -> 0 | BH54: =0/142.5 -> 0 | BI54: =0/142.5 -> 0 | BJ54: =0/142.5 -> 0 | BK54: =0/142.5 -> 0 | BL54: =0/172.5 -> 0 | BM54: =0/172.5 -> 0 | BN54: =0/172.5 -> 0 | BO54: =0/157.5 -> 0 | BP54: =0/157.5 -> 0 | BQ54: =0/157.5 -> 0 | BR54: =0/157.5 -> 0 | BS54: =0/157.5 -> 0 | BT54: =0/172.5 -> 0 | BU54: =0/172.5 -> 0 | BV54: =0/172.5 -> 0 | BW54: =0/157.5 -> 0 | BX54: =0/157.5 -> 0 | BY54: =0/157.5 -> 0 | BZ54: =0/157.5 -> 0 | CA54: =0/157.5 -> 0 | CB54: =0/172.5 -> 0 | CC54: =0/172.5 -> 0 | CD54: =0/172.5 -> 0 | CE54: =0/157.5 -> 0 | CF54: =0/157.5 -> 0 | CG54: =0/157.5 -> 0 | CH54: =0/157.5 -> 0 | CI54: =0/157.5 -> 0 | CJ54: =0/172.5 -> 0 | CK54: =0/172.5 -> 0 | CL54: =0/172.5 -> 0 | CM54: =0/142.5 -> 0 | CN54: =0/142.5 -> 0 | CO54: =0/142.5 -> 0 | CP54: =0/142.5 -> 0 | CQ54: =0/142.5 -> 0 | CR54: =0/172.5 -> 0 | CS54: =0/172.5 -> 0 | CT54: =0/172.5 -> 0
A55: 25 | B55: 完了 | C55: 定型 | D55: 山田 | E55: F208 | G55: PB00202159_【定型】顧客情報入力画面リンク先変更 | H55: =SUM(AZ55:BF55) -> 0 | I55: =SUM(AZ56:BF56) -> 0 | N55: 計画 | O55: =0/127.5 -> 0 | P55: =0/127.5 -> 0 | Q55: =0/127.5 -> 0 | R55: =0/127.5 -> 0 | S55: =0/127.5 -> 0 | T55: =0/127.5 -> 0 | U55: =0/127.5 -> 0 | V55: =0/142.5 -> 0 | W55: =0/142.5 -> 0 | X55: =0/142.5 -> 0 | Y55: =0/142.5 -> 0 | Z55: =0/142.5 -> 0 | AA55: =0/165 -> 0 | AB55: =0/165 -> 0 | AC55: =0/165 -> 0 | AD55: =0/165 -> 0 | AE55: =0/165 -> 0 | AF55: =0/165 -> 0 | AG55: =0/165 -> 0 | AH55: =(5)/165 -> 0.03030303 | AI55: =(0)/165 -> 0 | AJ55: =(13)/165 -> 0.078787879 | AK55: =(0)/165 -> 0 | AL55: =(0)/165 -> 0 | AM55: =(3)/165 -> 0.018181818 | AN55: =(0)/157.5 -> 0 | AO55: =(0)/157.5 -> 0 | AP55: =(0)/157.5 -> 0 | AQ55: =(0)/157.5 -> 0 | AR55: =(0)/157.5 -> 0 | AS55: =(0)/157.5 -> 0 | AT55: =(0)/165 -> 0 | AU55: =(0)/165 -> 0 | AV55: =(0)/165 -> 0 | AW55: =(0)/165 -> 0 | AX55: =(0)/165 -> 0 | AY55: =(0)/165 -> 0 | AZ55: =(0)/150 -> 0 | BA55: =(0)/150 -> 0 | BB55: =(0)/150 -> 0 | BC55: =(0)/150 -> 0 | BD55: =(0)/150 -> 0 | BE55: =(0)/150 -> 0 | BF55: =(0)/150 -> 0 | BG55: =0/142.5 -> 0 | BH55: =0/142.5 -> 0 | BI55: =0/142.5 -> 0 | BJ55: =0/142.5 -> 0 | BK55: =0/142.5 -> 0 | BL55: =0/172.5 -> 0 | BM55: =0/172.5 -> 0 | BN55: =0/172.5 -> 0 | BO55: =0/157.5 -> 0 | BP55: =0/157.5 -> 0 | BQ55: =0/157.5 -> 0 | BR55: =0/157.5 -> 0 | BS55: =0/157.5 -> 0 | BT55: =0/172.5 -> 0 | BU55: =0/172.5 -> 0 | BV55: =0/172.5 -> 0 | BW55: =0/157.5 -> 0 | BX55: =0/157.5 -> 0 | BY55: =0/157.5 -> 0 | BZ55: =0/157.5 -> 0 | CA55: =0/157.5 -> 0 | CB55: =0/172.5 -> 0 | CC55: =0/172.5 -> 0 | CD55: =0/172.5 -> 0 | CE55: =0/157.5 -> 0 | CF55: =0/157.5 -> 0 | CG55: =0/157.5 -> 0 | CH55: =0/157.5 -> 0 | CI55: =0/157.5 -> 0 | CJ55: =0/172.5 -> 0 | CK55: =0/172.5 -> 0 | CL55: =0/172.5 -> 0 | CM55: =0/142.5 -> 0 | CN55: =0/142.5 -> 0 | CO55: =0/142.5 -> 0 | CP55: =0/142.5 -> 0 | CQ55: =0/142.5 -> 0 | CR55: =0/172.5 -> 0 | CS55: =0/172.5 -> 0 | CT55: =0/172.5 -> 0
N56: 実績 | O56: =0/127.5 -> 0 | P56: =0/127.5 -> 0 | Q56: =0/127.5 -> 0 | R56: =0/127.5 -> 0 | S56: =0/127.5 -> 0 | T56: =0/127.5 -> 0 | U56: =0/127.5 -> 0 | V56: =0/142.5 -> 0 | W56: =0/142.5 -> 0 | X56: =0/142.5 -> 0 | Y56: =0/142.5 -> 0 | Z56: =0/142.5 -> 0 | AA56: =0/165 -> 0 | AB56: =0/165 -> 0 | AC56: =0/165 -> 0 | AD56: =0/165 -> 0 | AE56: =0/165 -> 0 | AF56: =0/165 -> 0 | AG56: =0/165 -> 0 | AH56: =(3.75+1.5)/165 -> 0.031818182 | AI56: =(0)/165 -> 0 | AJ56: =(8.5+2)/165 -> 0.063636364 | AK56: =(0)/165 -> 0 | AL56: =(0)/165 -> 0 | AM56: =(0+2)/165 -> 0.012121212 | AN56: =(0)/157.5 -> 0 | AO56: =(0)/157.5 -> 0 | AP56: =(0)/157.5 -> 0 | AQ56: =(0)/157.5 -> 0 | AR56: =(0)/157.5 -> 0 | AS56: =(0)/157.5 -> 0 | AT56: =(0)/165 -> 0 | AU56: =(0)/165 -> 0 | AV56: =(0)/165 -> 0 | AW56: =(0)/165 -> 0 | AX56: =(0)/165 -> 0 | AY56: =(0)/165 -> 0 | AZ56: =(0)/150 -> 0 | BA56: =(0)/150 -> 0 | BB56: =(0)/150 -> 0 | BC56: =(0)/150 -> 0 | BD56: =(0)/150 -> 0 | BE56: =(0)/150 -> 0 | BF56: =(0)/150 -> 0 | BG56: =0/142.5 -> 0 | BH56: =0/142.5 -> 0 | BI56: =0/142.5 -> 0 | BJ56: =0/142.5 -> 0 | BK56: =0/142.5 -> 0 | BL56: =0/172.5 -> 0 | BM56: =0/172.5 -> 0 | BN56: =0/172.5 -> 0 | BO56: =0/157.5 -> 0 | BP56: =0/157.5 -> 0 | BQ56: =0/157.5 -> 0 | BR56: =0/157.5 -> 0 | BS56: =0/157.5 -> 0 | BT56: =0/172.5 -> 0 | BU56: =0/172.5 -> 0 | BV56: =0/172.5 -> 0 | BW56: =0/157.5 -> 0 | BX56: =0/157.5 -> 0 | BY56: =0/157.5 -> 0 | BZ56: =0/157.5 -> 0 | CA56: =0/157.5 -> 0 | CB56: =0/172.5 -> 0 | CC56: =0/172.5 -> 0 | CD56: =0/172.5 -> 0 | CE56: =0/157.5 -> 0 | CF56: =0/157.5 -> 0 | CG56: =0/157.5 -> 0 | CH56: =0/157.5 -> 0 | CI56: =0/157.5 -> 0 | CJ56: =0/172.5 -> 0 | CK56: =0/172.5 -> 0 | CL56: =0/172.5 -> 0 | CM56: =0/142.5 -> 0 | CN56: =0/142.5 -> 0 | CO56: =0/142.5 -> 0 | CP56: =0/142.5 -> 0 | CQ56: =0/142.5 -> 0 | CR56: =0/172.5 -> 0 | CS56: =0/172.5 -> 0 | CT56: =0/172.5 -> 0
A57: 26 | B57: 完了 | C57: その他 | D57: 藤白 | E57: PL8 | G57: 【PLATE】【作業依頼】PLATE画面修正(C8202) | H57: =SUM(AZ57:BF57) -> 0 | I57: =SUM(AZ58:BF58) -> 0 | N57: 計画 | O57: =0/127.5 -> 0 | P57: =0/127.5 -> 0 | Q57: =0/127.5 -> 0 | R57: =0/127.5 -> 0 | S57: =0/127.5 -> 0 | T57: =0/127.5 -> 0 | U57: =0/127.5 -> 0 | V57: =0/142.5 -> 0 | W57: =0/142.5 -> 0 | X57: =0/142.5 -> 0 | Y57: =0/142.5 -> 0 | Z57: =0/142.5 -> 0 | AA57: =0/165 -> 0 | AB57: =0/165 -> 0 | AC57: =0/165 -> 0 | AD57: =0/165 -> 0 | AE57: =0/165 -> 0 | AF57: =0/165 -> 0 | AG57: =0/165 -> 0 | AH57: =(5)/165 -> 0.03030303 | AI57: =(0)/165 -> 0 | AJ57: =(20)/165 -> 0.12121212 | AK57: =(0)/165 -> 0 | AL57: =(0)/165 -> 0 | AM57: =(10)/165 -> 0.060606061 | AN57: =(0)/157.5 -> 0 | AO57: =(0)/157.5 -> 0 | AP57: =(0)/157.5 -> 0 | AQ57: =(0)/157.5 -> 0 | AR57: =(0)/157.5 -> 0 | AS57: =(0)/157.5 -> 0 | AT57: =(0)/165 -> 0 | AU57: =(0)/165 -> 0 | AV57: =(0)/165 -> 0 | AW57: =(0)/165 -> 0 | AX57: =(0)/165 -> 0 | AY57: =(0)/165 -> 0 | AZ57: =(0)/150 -> 0 | BA57: =(0)/150 -> 0 | BB57: =(0)/150 -> 0 | BC57: =(0)/150 -> 0 | BD57: =(0)/150 -> 0 | BE57: =(0)/150 -> 0 | BF57: =(0)/150 -> 0 | BG57: =0/142.5 -> 0 | BH57: =0/142.5 -> 0 | BI57: =0/142.5 -> 0 | BJ57: =0/142.5 -> 0 | BK57: =0/142.5 -> 0 | BL57: =0/172.5 -> 0 | BM57: =0/172.5 -> 0 | BN57: =0/172.5 -> 0 | BO57: =0/157.5 -> 0 | BP57: =0/157.5 -> 0 | BQ57: =0/157.5 -> 0 | BR57: =0/157.5 -> 0 | BS57: =0/157.5 -> 0 | BT57: =0/172.5 -> 0 | BU57: =0/172.5 -> 0 | BV57: =0/172.5 -> 0 | BW57: =0/157.5 -> 0 | BX57: =0/157.5 -> 0 | BY57: =0/157.5 -> 0 | BZ57: =0/157.5 -> 0 | CA57: =0/157.5 -> 0 | CB57: =0/172.5 -> 0 | CC57: =0/172.5 -> 0 | CD57: =0/172.5 -> 0 | CE57: =0/157.5 -> 0 | CF57: =0/157.5 -> 0 | CG57: =0/157.5 -> 0 | CH57: =0/157.5 -> 0 | CI57: =0/157.5 -> 0 | CJ57: =0/172.5 -> 0 | CK57: =0/172.5 -> 0 | CL57: =0/172.5 -> 0 | CM57: =0/142.5 -> 0 | CN57: =0/142.5 -> 0 | CO57: =0/142.5 -> 0 | CP57: =0/142.5 -> 0 | CQ57: =0/142.5 -> 0 | CR57: =0/172.5 -> 0 | CS57: =0/172.5 -> 0 | CT57: =0/172.5 -> 0
N58: 実績 | O58: =0/127.5 -> 0 | P58: =0/127.5 -> 0 | Q58: =0/127.5 -> 0 | R58: =0/127.5 -> 0 | S58: =0/127.5 -> 0 | T58: =0/127.5 -> 0 | U58: =0/127.5 -> 0 | V58: =0/142.5 -> 0 | W58: =0/142.5 -> 0 | X58: =0/142.5 -> 0 | Y58: =0/142.5 -> 0 | Z58: =0/142.5 -> 0 | AA58: =0/165 -> 0 | AB58: =0/165 -> 0 | AC58: =0/165 -> 0 | AD58: =0/165 -> 0 | AE58: =0/165 -> 0 | AF58: =0/165 -> 0 | AG58: =0/165 -> 0 | AH58: =(1+1)/165 -> 0.012121212 | AI58: =(0)/165 -> 0 | AJ58: =(13+9.5)/165 -> 0.13636364 | AK58: =(0)/165 -> 0 | AL58: =(0)/165 -> 0 | AM58: =(7+2)/165 -> 0.054545455 | AN58: =(0)/157.5 -> 0 | AO58: =(0)/157.5 -> 0 | AP58: =(0)/157.5 -> 0 | AQ58: =(0)/157.5 -> 0 | AR58: =(0)/157.5 -> 0 | AS58: =(0)/157.5 -> 0 | AT58: =(0)/165 -> 0 | AU58: =(0)/165 -> 0 | AV58: =(0)/165 -> 0 | AW58: =(0)/165 -> 0 | AX58: =(0)/165 -> 0 | AY58: =(0)/165 -> 0 | AZ58: =(0)/150 -> 0 | BA58: =(0)/150 -> 0 | BB58: =(0)/150 -> 0 | BC58: =(0)/150 -> 0 | BD58: =(0)/150 -> 0 | BE58: =(0)/150 -> 0 | BF58: =(0)/150 -> 0 | BG58: =0/142.5 -> 0 | BH58: =0/142.5 -> 0 | BI58: =0/142.5 -> 0 | BJ58: =0/142.5 -> 0 | BK58: =0/142.5 -> 0 | BL58: =0/172.5 -> 0 | BM58: =0/172.5 -> 0 | BN58: =0/172.5 -> 0 | BO58: =0/157.5 -> 0 | BP58: =0/157.5 -> 0 | BQ58: =0/157.5 -> 0 | BR58: =0/157.5 -> 0 | BS58: =0/157.5 -> 0 | BT58: =0/172.5 -> 0 | BU58: =0/172.5 -> 0 | BV58: =0/172.5 -> 0 | BW58: =0/157.5 -> 0 | BX58: =0/157.5 -> 0 | BY58: =0/157.5 -> 0 | BZ58: =0/157.5 -> 0 | CA58: =0/157.5 -> 0 | CB58: =0/172.5 -> 0 | CC58: =0/172.5 -> 0 | CD58: =0/172.5 -> 0 | CE58: =0/157.5 -> 0 | CF58: =0/157.5 -> 0 | CG58: =0/157.5 -> 0 | CH58: =0/157.5 -> 0 | CI58: =0/157.5 -> 0 | CJ58: =0/172.5 -> 0 | CK58: =0/172.5 -> 0 | CL58: =0/172.5 -> 0 | CM58: =0/142.5 -> 0 | CN58: =0/142.5 -> 0 | CO58: =0/142.5 -> 0 | CP58: =0/142.5 -> 0 | CQ58: =0/142.5 -> 0 | CR58: =0/172.5 -> 0 | CS58: =0/172.5 -> 0 | CT58: =0/172.5 -> 0
A59: 27 | B59: 完了 | C59: その他 | D59: 鈴木 | E59: EPM16 | G59: 【EPM2】【開発依頼】HULFT管理台帳(WB4-EPM)アップデート | H59: =SUM(AZ59:BF59) -> 0 | I59: =SUM(AZ60:BF60) -> 0 | N59: 計画 | O59: =0/127.5 -> 0 | P59: =0/127.5 -> 0 | Q59: =0/127.5 -> 0 | R59: =0/127.5 -> 0 | S59: =0/127.5 -> 0 | T59: =0/127.5 -> 0 | U59: =0/127.5 -> 0 | V59: =0/142.5 -> 0 | W59: =0/142.5 -> 0 | X59: =0/142.5 -> 0 | Y59: =0/142.5 -> 0 | Z59: =0/142.5 -> 0 | AA59: =0/165 -> 0 | AB59: =0/165 -> 0 | AC59: =0/165 -> 0 | AD59: =0/165 -> 0 | AE59: =0/165 -> 0 | AF59: =0/165 -> 0 | AG59: =0/165 -> 0 | AH59: =(3)/165 -> 0.018181818 | AI59: =(0)/165 -> 0 | AJ59: =(12)/165 -> 0.072727273 | AK59: =(0)/165 -> 0 | AL59: =(0)/165 -> 0 | AM59: =(8)/165 -> 0.048484848 | AN59: =(0)/157.5 -> 0 | AO59: =(0)/157.5 -> 0 | AP59: =(0)/157.5 -> 0 | AQ59: =(0)/157.5 -> 0 | AR59: =(0)/157.5 -> 0 | AS59: =(0)/157.5 -> 0 | AT59: =(0)/165 -> 0 | AU59: =(0)/165 -> 0 | AV59: =(0)/165 -> 0 | AW59: =(0)/165 -> 0 | AX59: =(0)/165 -> 0 | AY59: =(0)/165 -> 0 | AZ59: =(0)/150 -> 0 | BA59: =(0)/150 -> 0 | BB59: =(0)/150 -> 0 | BC59: =(0)/150 -> 0 | BD59: =(0)/150 -> 0 | BE59: =(0)/150 -> 0 | BF59: =(0)/150 -> 0 | BG59: =0/142.5 -> 0 | BH59: =0/142.5 -> 0 | BI59: =0/142.5 -> 0 | BJ59: =0/142.5 -> 0 | BK59: =0/142.5 -> 0 | BL59: =0/172.5 -> 0 | BM59: =0/172.5 -> 0 | BN59: =0/172.5 -> 0 | BO59: =0/157.5 -> 0 | BP59: =0/157.5 -> 0 | BQ59: =0/157.5 -> 0 | BR59: =0/157.5 -> 0 | BS59: =0/157.5 -> 0 | BT59: =0/172.5 -> 0 | BU59: =0/172.5 -> 0 | BV59: =0/172.5 -> 0 | BW59: =0/157.5 -> 0 | BX59: =0/157.5 -> 0 | BY59: =0/157.5 -> 0 | BZ59: =0/157.5 -> 0 | CA59: =0/157.5 -> 0 | CB59: =0/172.5 -> 0 | CC59: =0/172.5 -> 0 | CD59: =0/172.5 -> 0 | CE59: =0/157.5 -> 0 | CF59: =0/157.5 -> 0 | CG59: =0/157.5 -> 0 | CH59: =0/157.5 -> 0 | CI59: =0/157.5 -> 0 | CJ59: =0/172.5 -> 0 | CK59: =0/172.5 -> 0 | CL59: =0/172.5 -> 0 | CM59: =0/142.5 -> 0 | CN59: =0/142.5 -> 0 | CO59: =0/142.5 -> 0 | CP59: =0/142.5 -> 0 | CQ59: =0/142.5 -> 0 | CR59: =0/172.5 -> 0 | CS59: =0/172.5 -> 0 | CT59: =0/172.5 -> 0
N60: 実績 | O60: =0/127.5 -> 0 | P60: =0/127.5 -> 0 | Q60: =0/127.5 -> 0 | R60: =0/127.5 -> 0 | S60: =0/127.5 -> 0 | T60: =0/127.5 -> 0 | U60: =0/127.5 -> 0 | V60: =0/142.5 -> 0 | W60: =0/142.5 -> 0 | X60: =0/142.5 -> 0 | Y60: =0/142.5 -> 0 | Z60: =0/142.5 -> 0 | AA60: =0/165 -> 0 | AB60: =0/165 -> 0 | AC60: =0/165 -> 0 | AD60: =0/165 -> 0 | AE60: =0/165 -> 0 | AF60: =0/165 -> 0 | AG60: =0/165 -> 0 | AH60: =(1+0.5)/165 -> 0.0090909091 | AI60: =(1.5)/165 -> 0.0090909091 | AJ60: =(11.5)/165 -> 0.06969697 | AK60: =(0)/165 -> 0 | AL60: =(0)/165 -> 0 | AM60: =(7)/165 -> 0.042424242 | AN60: =(0)/157.5 -> 0 | AO60: =(0)/157.5 -> 0 | AP60: =(0)/157.5 -> 0 | AQ60: =(0)/157.5 -> 0 | AR60: =(0)/157.5 -> 0 | AS60: =(0)/157.5 -> 0 | AT60: =(0)/165 -> 0 | AU60: =(0)/165 -> 0 | AV60: =(0)/165 -> 0 | AW60: =(0)/165 -> 0 | AX60: =(0)/165 -> 0 | AY60: =(0)/165 -> 0 | AZ60: =(0)/150 -> 0 | BA60: =(0)/150 -> 0 | BB60: =(0)/150 -> 0 | BC60: =(0)/150 -> 0 | BD60: =(0)/150 -> 0 | BE60: =(0)/150 -> 0 | BF60: =(0)/150 -> 0 | BG60: =0/142.5 -> 0 | BH60: =0/142.5 -> 0 | BI60: =0/142.5 -> 0 | BJ60: =0/142.5 -> 0 | BK60: =0/142.5 -> 0 | BL60: =0/172.5 -> 0 | BM60: =0/172.5 -> 0 | BN60: =0/172.5 -> 0 | BO60: =0/157.5 -> 0 | BP60: =0/157.5 -> 0 | BQ60: =0/157.5 -> 0 | BR60: =0/157.5 -> 0 | BS60: =0/157.5 -> 0 | BT60: =0/172.5 -> 0 | BU60: =0/172.5 -> 0 | BV60: =0/172.5 -> 0 | BW60: =0/157.5 -> 0 | BX60: =0/157.5 -> 0 | BY60: =0/157.5 -> 0 | BZ60: =0/157.5 -> 0 | CA60: =0/157.5 -> 0 | CB60: =0/172.5 -> 0 | CC60: =0/172.5 -> 0 | CD60: =0/172.5 -> 0 | CE60: =0/157.5 -> 0 | CF60: =0/157.5 -> 0 | CG60: =0/157.5 -> 0 | CH60: =0/157.5 -> 0 | CI60: =0/157.5 -> 0 | CJ60: =0/172.5 -> 0 | CK60: =0/172.5 -> 0 | CL60: =0/172.5 -> 0 | CM60: =0/142.5 -> 0 | CN60: =0/142.5 -> 0 | CO60: =0/142.5 -> 0 | CP60: =0/142.5 -> 0 | CQ60: =0/142.5 -> 0 | CR60: =0/172.5 -> 0 | CS60: =0/172.5 -> 0 | CT60: =0/172.5 -> 0
A61: 28 | B61: 完了 | C61: その他 | D61: 德永 | E61: AH30 | G61: 【WB4】【LBX】【調査依頼】xxxx_PBxxxxxxxx_ライブラリ一覧作成 | H61: =SUM(AZ61:BF61) -> 0 | I61: =SUM(AZ62:BF62) -> 0 | N61: 計画 | O61: =0/127.5 -> 0 | P61: =0/127.5 -> 0 | Q61: =0/127.5 -> 0 | R61: =0/127.5 -> 0 | S61: =0/127.5 -> 0 | T61: =0/127.5 -> 0 | U61: =0/127.5 -> 0 | V61: =0/142.5 -> 0 | W61: =0/142.5 -> 0 | X61: =0/142.5 -> 0 | Y61: =0/142.5 -> 0 | Z61: =0/142.5 -> 0 | AA61: =0/165 -> 0 | AB61: =0/165 -> 0 | AC61: =0/165 -> 0 | AD61: =0/165 -> 0 | AE61: =0/165 -> 0 | AF61: =0/165 -> 0 | AG61: =0/165 -> 0 | AH61: =(4)/165 -> 0.024242424 | AI61: =(16)/165 -> 0.096969697 | AJ61: =(0)/165 -> 0 | AK61: =(0)/165 -> 0 | AL61: =(0)/165 -> 0 | AM61: =(0)/165 -> 0 | AN61: =(0)/157.5 -> 0 | AO61: =(0)/157.5 -> 0 | AP61: =(0)/157.5 -> 0 | AQ61: =(0)/157.5 -> 0 | AR61: =(0)/157.5 -> 0 | AS61: =(0)/157.5 -> 0 | AT61: =(0)/165 -> 0 | AU61: =(0)/165 -> 0 | AV61: =(0)/165 -> 0 | AW61: =(0)/165 -> 0 | AX61: =(0)/165 -> 0 | AY61: =(0)/165 -> 0 | AZ61: =(0)/150 -> 0 | BA61: =(0)/150 -> 0 | BB61: =(0)/150 -> 0 | BC61: =(0)/150 -> 0 | BD61: =(0)/150 -> 0 | BE61: =(0)/150 -> 0 | BF61: =(0)/150 -> 0 | BG61: =0/142.5 -> 0 | BH61: =0/142.5 -> 0 | BI61: =0/142.5 -> 0 | BJ61: =0/142.5 -> 0 | BK61: =0/142.5 -> 0 | BL61: =0/172.5 -> 0 | BM61: =0/172.5 -> 0 | BN61: =0/172.5 -> 0 | BO61: =0/157.5 -> 0 | BP61: =0/157.5 -> 0 | BQ61: =0/157.5 -> 0 | BR61: =0/157.5 -> 0 | BS61: =0/157.5 -> 0 | BT61: =0/172.5 -> 0 | BU61: =0/172.5 -> 0 | BV61: =0/172.5 -> 0 | BW61: =0/157.5 -> 0 | BX61: =0/157.5 -> 0 | BY61: =0/157.5 -> 0 | BZ61: =0/157.5 -> 0 | CA61: =0/157.5 -> 0 | CB61: =0/172.5 -> 0 | CC61: =0/172.5 -> 0 | CD61: =0/172.5 -> 0 | CE61: =0/157.5 -> 0 | CF61: =0/157.5 -> 0 | CG61: =0/157.5 -> 0 | CH61: =0/157.5 -> 0 | CI61: =0/157.5 -> 0 | CJ61: =0/172.5 -> 0 | CK61: =0/172.5 -> 0 | CL61: =0/172.5 -> 0 | CM61: =0/142.5 -> 0 | CN61: =0/142.5 -> 0 | CO61: =0/142.5 -> 0 | CP61: =0/142.5 -> 0 | CQ61: =0/142.5 -> 0 | CR61: =0/172.5 -> 0 | CS61: =0/172.5 -> 0 | CT61: =0/172.5 -> 0
N62: 実績 | O62: =0/127.5 -> 0 | P62: =0/127.5 -> 0 | Q62: =0/127.5 -> 0 | R62: =0/127.5 -> 0 | S62: =0/127.5 -> 0 | T62: =0/127.5 -> 0 | U62: =0/127.5 -> 0 | V62: =0/142.5 -> 0 | W62: =0/142.5 -> 0 | X62: =0/142.5 -> 0 | Y62: =0/142.5 -> 0 | Z62: =0/142.5 -> 0 | AA62: =0/165 -> 0 | AB62: =0/165 -> 0 | AC62: =0/165 -> 0 | AD62: =0/165 -> 0 | AE62: =0/165 -> 0 | AF62: =0/165 -> 0 | AG62: =0/165 -> 0 | AH62: =(2.5+1)/165 -> 0.021212121 | AI62: =(8+8.5)/165 -> 0.1 | AJ62: =(0)/165 -> 0 | AK62: =(0)/165 -> 0 | AL62: =(0)/165 -> 0 | AM62: =(0)/165 -> 0 | AN62: =(0)/157.5 -> 0 | AO62: =(0)/157.5 -> 0 | AP62: =(0)/157.5 -> 0 | AQ62: =(0)/157.5 -> 0 | AR62: =(0)/157.5 -> 0 | AS62: =(0)/157.5 -> 0 | AT62: =(0)/165 -> 0 | AU62: =(0)/165 -> 0 | AV62: =(0)/165 -> 0 | AW62: =(0)/165 -> 0 | AX62: =(0)/165 -> 0 | AY62: =(0)/165 -> 0 | AZ62: =(0)/150 -> 0 | BA62: =(0)/150 -> 0 | BB62: =(0)/150 -> 0 | BC62: =(0)/150 -> 0 | BD62: =(0)/150 -> 0 | BE62: =(0)/150 -> 0 | BF62: =(0)/150 -> 0 | BG62: =0/142.5 -> 0 | BH62: =0/142.5 -> 0 | BI62: =0/142.5 -> 0 | BJ62: =0/142.5 -> 0 | BK62: =0/142.5 -> 0 | BL62: =0/172.5 -> 0 | BM62: =0/172.5 -> 0 | BN62: =0/172.5 -> 0 | BO62: =0/157.5 -> 0 | BP62: =0/157.5 -> 0 | BQ62: =0/157.5 -> 0 | BR62: =0/157.5 -> 0 | BS62: =0/157.5 -> 0 | BT62: =0/172.5 -> 0 | BU62: =0/172.5 -> 0 | BV62: =0/172.5 -> 0 | BW62: =0/157.5 -> 0 | BX62: =0/157.5 -> 0 | BY62: =0/157.5 -> 0 | BZ62: =0/157.5 -> 0 | CA62: =0/157.5 -> 0 | CB62: =0/172.5 -> 0 | CC62: =0/172.5 -> 0 | CD62: =0/172.5 -> 0 | CE62: =0/157.5 -> 0 | CF62: =0/157.5 -> 0 | CG62: =0/157.5 -> 0 | CH62: =0/157.5 -> 0 | CI62: =0/157.5 -> 0 | CJ62: =0/172.5 -> 0 | CK62: =0/172.5 -> 0 | CL62: =0/172.5 -> 0 | CM62: =0/142.5 -> 0 | CN62: =0/142.5 -> 0 | CO62: =0/142.5 -> 0 | CP62: =0/142.5 -> 0 | CQ62: =0/142.5 -> 0 | CR62: =0/172.5 -> 0 | CS62: =0/172.5 -> 0 | CT62: =0/172.5 -> 0
A63: 29 | B63: 完了 | C63: その他 | D63: 関谷 | E63: EPM17 | G63: 【EPM】【作業依頼】4733_PB00202160_(14)＜#20973＞【調査依頼】売買審査データ連携状況確認（2026年） | H63: =SUM(AZ63:BF63) -> 0 | I63: =SUM(AZ64:BF64) -> 0 | N63: 計画 | O63: =0/127.5 -> 0 | P63: =0/127.5 -> 0 | Q63: =0/127.5 -> 0 | R63: =0/127.5 -> 0 | S63: =0/127.5 -> 0 | T63: =0/127.5 -> 0 | U63: =0/127.5 -> 0 | V63: =0/142.5 -> 0 | W63: =0/142.5 -> 0 | X63: =0/142.5 -> 0 | Y63: =0/142.5 -> 0 | Z63: =0/142.5 -> 0 | AA63: =0/165 -> 0 | AB63: =0/165 -> 0 | AC63: =0/165 -> 0 | AD63: =0/165 -> 0 | AE63: =0/165 -> 0 | AF63: =0/165 -> 0 | AG63: =0/165 -> 0 | AH63: =(4)/165 -> 0.024242424 | AI63: =(20)/165 -> 0.12121212 | AJ63: =(23)/165 -> 0.13939394 | AK63: =(0)/165 -> 0 | AL63: =(0)/165 -> 0 | AM63: =(16)/165 -> 0.096969697 | AN63: =(0)/157.5 -> 0 | AO63: =(1)/157.5 -> 0.0063492063 | AP63: =(0)/157.5 -> 0 | AQ63: =(0)/157.5 -> 0 | AR63: =(0)/157.5 -> 0 | AS63: =(0)/157.5 -> 0 | AT63: =(0)/165 -> 0 | AU63: =(0)/165 -> 0 | AV63: =(0)/165 -> 0 | AW63: =(0)/165 -> 0 | AX63: =(0)/165 -> 0 | AY63: =(0)/165 -> 0 | AZ63: =(0)/150 -> 0 | BA63: =(0)/150 -> 0 | BB63: =(0)/150 -> 0 | BC63: =(0)/150 -> 0 | BD63: =(0)/150 -> 0 | BE63: =(0)/150 -> 0 | BF63: =(0)/150 -> 0 | BG63: =0/142.5 -> 0 | BH63: =0/142.5 -> 0 | BI63: =0/142.5 -> 0 | BJ63: =0/142.5 -> 0 | BK63: =0/142.5 -> 0 | BL63: =0/172.5 -> 0 | BM63: =0/172.5 -> 0 | BN63: =0/172.5 -> 0 | BO63: =0/157.5 -> 0 | BP63: =0/157.5 -> 0 | BQ63: =0/157.5 -> 0 | BR63: =0/157.5 -> 0 | BS63: =0/157.5 -> 0 | BT63: =0/172.5 -> 0 | BU63: =0/172.5 -> 0 | BV63: =0/172.5 -> 0 | BW63: =0/157.5 -> 0 | BX63: =0/157.5 -> 0 | BY63: =0/157.5 -> 0 | BZ63: =0/157.5 -> 0 | CA63: =0/157.5 -> 0 | CB63: =0/172.5 -> 0 | CC63: =0/172.5 -> 0 | CD63: =0/172.5 -> 0 | CE63: =0/157.5 -> 0 | CF63: =0/157.5 -> 0 | CG63: =0/157.5 -> 0 | CH63: =0/157.5 -> 0 | CI63: =0/157.5 -> 0 | CJ63: =0/172.5 -> 0 | CK63: =0/172.5 -> 0 | CL63: =0/172.5 -> 0 | CM63: =0/142.5 -> 0 | CN63: =0/142.5 -> 0 | CO63: =0/142.5 -> 0 | CP63: =0/142.5 -> 0 | CQ63: =0/142.5 -> 0 | CR63: =0/172.5 -> 0 | CS63: =0/172.5 -> 0 | CT63: =0/172.5 -> 0
N64: 実績 | O64: =0/127.5 -> 0 | P64: =0/127.5 -> 0 | Q64: =0/127.5 -> 0 | R64: =0/127.5 -> 0 | S64: =0/127.5 -> 0 | T64: =0/127.5 -> 0 | U64: =0/127.5 -> 0 | V64: =0/142.5 -> 0 | W64: =0/142.5 -> 0 | X64: =0/142.5 -> 0 | Y64: =0/142.5 -> 0 | Z64: =0/142.5 -> 0 | AA64: =0/165 -> 0 | AB64: =0/165 -> 0 | AC64: =0/165 -> 0 | AD64: =0/165 -> 0 | AE64: =0/165 -> 0 | AF64: =0/165 -> 0 | AG64: =0/165 -> 0 | AH64: =(0+5)/165 -> 0.03030303 | AI64: =(1+4+8.25+4.25)/165 -> 0.10606061 | AJ64: =(0+4+18.25+1)/165 -> 0.14090909 | AK64: =(0)/165 -> 0 | AL64: =(0)/165 -> 0 | AM64: =(0+8.25+7.75)/165 -> 0.096969697 | AN64: =(0)/157.5 -> 0 | AO64: =(1)/157.5 -> 0.0063492063 | AP64: =(0)/157.5 -> 0 | AQ64: =(0)/157.5 -> 0 | AR64: =(0)/157.5 -> 0 | AS64: =(0)/157.5 -> 0 | AT64: =(0)/165 -> 0 | AU64: =(0)/165 -> 0 | AV64: =(0)/165 -> 0 | AW64: =(0)/165 -> 0 | AX64: =(0)/165 -> 0 | AY64: =(0)/165 -> 0 | AZ64: =(0)/150 -> 0 | BA64: =(0)/150 -> 0 | BB64: =(0)/150 -> 0 | BC64: =(0)/150 -> 0 | BD64: =(0)/150 -> 0 | BE64: =(0)/150 -> 0 | BF64: =(0)/150 -> 0 | BG64: =0/142.5 -> 0 | BH64: =0/142.5 -> 0 | BI64: =0/142.5 -> 0 | BJ64: =0/142.5 -> 0 | BK64: =0/142.5 -> 0 | BL64: =0/172.5 -> 0 | BM64: =0/172.5 -> 0 | BN64: =0/172.5 -> 0 | BO64: =0/157.5 -> 0 | BP64: =0/157.5 -> 0 | BQ64: =0/157.5 -> 0 | BR64: =0/157.5 -> 0 | BS64: =0/157.5 -> 0 | BT64: =0/172.5 -> 0 | BU64: =0/172.5 -> 0 | BV64: =0/172.5 -> 0 | BW64: =0/157.5 -> 0 | BX64: =0/157.5 -> 0 | BY64: =0/157.5 -> 0 | BZ64: =0/157.5 -> 0 | CA64: =0/157.5 -> 0 | CB64: =0/172.5 -> 0 | CC64: =0/172.5 -> 0 | CD64: =0/172.5 -> 0 | CE64: =0/157.5 -> 0 | CF64: =0/157.5 -> 0 | CG64: =0/157.5 -> 0 | CH64: =0/157.5 -> 0 | CI64: =0/157.5 -> 0 | CJ64: =0/172.5 -> 0 | CK64: =0/172.5 -> 0 | CL64: =0/172.5 -> 0 | CM64: =0/142.5 -> 0 | CN64: =0/142.5 -> 0 | CO64: =0/142.5 -> 0 | CP64: =0/142.5 -> 0 | CQ64: =0/142.5 -> 0 | CR64: =0/172.5 -> 0 | CS64: =0/172.5 -> 0 | CT64: =0/172.5 -> 0
A65: 30 | B65: 完了 | C65: 定型 | D65: 山本 | E65: F209 | F65: PB00202161 | G65: 【定型】パスキー未登録顧客（認証方法はパスキー）のログイン時のエラーメッセージ変更 | H65: =SUM(AZ65:BF65) -> 0 | I65: =SUM(AZ66:BF66) -> 0 | N65: 計画 | O65: =0/127.5 -> 0 | P65: =0/127.5 -> 0 | Q65: =0/127.5 -> 0 | R65: =0/127.5 -> 0 | S65: =0/127.5 -> 0 | T65: =0/127.5 -> 0 | U65: =0/127.5 -> 0 | V65: =0/142.5 -> 0 | W65: =0/142.5 -> 0 | X65: =0/142.5 -> 0 | Y65: =0/142.5 -> 0 | Z65: =0/142.5 -> 0 | AA65: =0/165 -> 0 | AB65: =0/165 -> 0 | AC65: =0/165 -> 0 | AD65: =0/165 -> 0 | AE65: =0/165 -> 0 | AF65: =0/165 -> 0 | AG65: =0/165 -> 0 | AH65: =(4)/165 -> 0.024242424 | AI65: =(5)/165 -> 0.03030303 | AJ65: =(0)/165 -> 0 | AK65: =(0)/165 -> 0 | AL65: =(5)/165 -> 0.03030303 | AM65: =(0)/165 -> 0 | AN65: =(0)/157.5 -> 0 | AO65: =(0)/157.5 -> 0 | AP65: =(0)/157.5 -> 0 | AQ65: =(0)/157.5 -> 0 | AR65: =(0)/157.5 -> 0 | AS65: =(0)/157.5 -> 0 | AT65: =(0)/165 -> 0 | AU65: =(0)/165 -> 0 | AV65: =(0)/165 -> 0 | AW65: =(0)/165 -> 0 | AX65: =(0)/165 -> 0 | AY65: =(0)/165 -> 0 | AZ65: =(0)/150 -> 0 | BA65: =(0)/150 -> 0 | BB65: =(0)/150 -> 0 | BC65: =(0)/150 -> 0 | BD65: =(0)/150 -> 0 | BE65: =(0)/150 -> 0 | BF65: =(0)/150 -> 0 | BG65: =0/142.5 -> 0 | BH65: =0/142.5 -> 0 | BI65: =0/142.5 -> 0 | BJ65: =0/142.5 -> 0 | BK65: =0/142.5 -> 0 | BL65: =0/172.5 -> 0 | BM65: =0/172.5 -> 0 | BN65: =0/172.5 -> 0 | BO65: =0/157.5 -> 0 | BP65: =0/157.5 -> 0 | BQ65: =0/157.5 -> 0 | BR65: =0/157.5 -> 0 | BS65: =0/157.5 -> 0 | BT65: =0/172.5 -> 0 | BU65: =0/172.5 -> 0 | BV65: =0/172.5 -> 0 | BW65: =0/157.5 -> 0 | BX65: =0/157.5 -> 0 | BY65: =0/157.5 -> 0 | BZ65: =0/157.5 -> 0 | CA65: =0/157.5 -> 0 | CB65: =0/172.5 -> 0 | CC65: =0/172.5 -> 0 | CD65: =0/172.5 -> 0 | CE65: =0/157.5 -> 0 | CF65: =0/157.5 -> 0 | CG65: =0/157.5 -> 0 | CH65: =0/157.5 -> 0 | CI65: =0/157.5 -> 0 | CJ65: =0/172.5 -> 0 | CK65: =0/172.5 -> 0 | CL65: =0/172.5 -> 0 | CM65: =0/142.5 -> 0 | CN65: =0/142.5 -> 0 | CO65: =0/142.5 -> 0 | CP65: =0/142.5 -> 0 | CQ65: =0/142.5 -> 0 | CR65: =0/172.5 -> 0 | CS65: =0/172.5 -> 0 | CT65: =0/172.5 -> 0
N66: 実績 | O66: =0/127.5 -> 0 | P66: =0/127.5 -> 0 | Q66: =0/127.5 -> 0 | R66: =0/127.5 -> 0 | S66: =0/127.5 -> 0 | T66: =0/127.5 -> 0 | U66: =0/127.5 -> 0 | V66: =0/142.5 -> 0 | W66: =0/142.5 -> 0 | X66: =0/142.5 -> 0 | Y66: =0/142.5 -> 0 | Z66: =0/142.5 -> 0 | AA66: =0/165 -> 0 | AB66: =0/165 -> 0 | AC66: =0/165 -> 0 | AD66: =0/165 -> 0 | AE66: =0/165 -> 0 | AF66: =0/165 -> 0 | AG66: =0/165 -> 0 | AH66: =(0+1.75+0.5)/165 -> 0.013636364 | AI66: =(2+4+1)/165 -> 0.042424242 | AJ66: =(0)/165 -> 0 | AK66: =(0)/165 -> 0 | AL66: =(1+2+0.5)/165 -> 0.021212121 | AM66: =(0)/165 -> 0 | AN66: =(0)/157.5 -> 0 | AO66: =(0)/157.5 -> 0 | AP66: =(0)/157.5 -> 0 | AQ66: =(0)/157.5 -> 0 | AR66: =(0)/157.5 -> 0 | AS66: =(0)/157.5 -> 0 | AT66: =(0)/165 -> 0 | AU66: =(0)/165 -> 0 | AV66: =(0)/165 -> 0 | AW66: =(0)/165 -> 0 | AX66: =(0)/165 -> 0 | AY66: =(0)/165 -> 0 | AZ66: =(0)/150 -> 0 | BA66: =(0)/150 -> 0 | BB66: =(0)/150 -> 0 | BC66: =(0)/150 -> 0 | BD66: =(0)/150 -> 0 | BE66: =(0)/150 -> 0 | BF66: =(0)/150 -> 0 | BG66: =0/142.5 -> 0 | BH66: =0/142.5 -> 0 | BI66: =0/142.5 -> 0 | BJ66: =0/142.5 -> 0 | BK66: =0/142.5 -> 0 | BL66: =0/172.5 -> 0 | BM66: =0/172.5 -> 0 | BN66: =0/172.5 -> 0 | BO66: =0/157.5 -> 0 | BP66: =0/157.5 -> 0 | BQ66: =0/157.5 -> 0 | BR66: =0/157.5 -> 0 | BS66: =0/157.5 -> 0 | BT66: =0/172.5 -> 0 | BU66: =0/172.5 -> 0 | BV66: =0/172.5 -> 0 | BW66: =0/157.5 -> 0 | BX66: =0/157.5 -> 0 | BY66: =0/157.5 -> 0 | BZ66: =0/157.5 -> 0 | CA66: =0/157.5 -> 0 | CB66: =0/172.5 -> 0 | CC66: =0/172.5 -> 0 | CD66: =0/172.5 -> 0 | CE66: =0/157.5 -> 0 | CF66: =0/157.5 -> 0 | CG66: =0/157.5 -> 0 | CH66: =0/157.5 -> 0 | CI66: =0/157.5 -> 0 | CJ66: =0/172.5 -> 0 | CK66: =0/172.5 -> 0 | CL66: =0/172.5 -> 0 | CM66: =0/142.5 -> 0 | CN66: =0/142.5 -> 0 | CO66: =0/142.5 -> 0 | CP66: =0/142.5 -> 0 | CQ66: =0/142.5 -> 0 | CR66: =0/172.5 -> 0 | CS66: =0/172.5 -> 0 | CT66: =0/172.5 -> 0
A67: 31 | B67: 完了 | C67: 定型 | D67: 安藤 | E67: F210 | F67: PB00202162 | G67: 【定型】多要素認証設定変更画面 | H67: =SUM(AZ67:BF67) -> 0 | I67: =SUM(AZ68:BF68) -> 0 | N67: 計画 | O67: =0/127.5 -> 0 | P67: =0/127.5 -> 0 | Q67: =0/127.5 -> 0 | R67: =0/127.5 -> 0 | S67: =0/127.5 -> 0 | T67: =0/127.5 -> 0 | U67: =0/127.5 -> 0 | V67: =0/142.5 -> 0 | W67: =0/142.5 -> 0 | X67: =0/142.5 -> 0 | Y67: =0/142.5 -> 0 | Z67: =0/142.5 -> 0 | AA67: =0/165 -> 0 | AB67: =0/165 -> 0 | AC67: =0/165 -> 0 | AD67: =0/165 -> 0 | AE67: =0/165 -> 0 | AF67: =0/165 -> 0 | AG67: =0/165 -> 0 | AH67: =(2)/165 -> 0.012121212 | AI67: =(0)/165 -> 0 | AJ67: =(7)/165 -> 0.042424242 | AK67: =(0)/165 -> 0 | AL67: =(0)/165 -> 0 | AM67: =(8)/165 -> 0.048484848 | AN67: =(0)/157.5 -> 0 | AO67: =(0)/157.5 -> 0 | AP67: =(0)/157.5 -> 0 | AQ67: =(0)/157.5 -> 0 | AR67: =(0)/157.5 -> 0 | AS67: =(0)/157.5 -> 0 | AT67: =(0)/165 -> 0 | AU67: =(0)/165 -> 0 | AV67: =(0)/165 -> 0 | AW67: =(0)/165 -> 0 | AX67: =(0)/165 -> 0 | AY67: =(0)/165 -> 0 | AZ67: =(0)/150 -> 0 | BA67: =(0)/150 -> 0 | BB67: =(0)/150 -> 0 | BC67: =(0)/150 -> 0 | BD67: =(0)/150 -> 0 | BE67: =(0)/150 -> 0 | BF67: =(0)/150 -> 0 | BG67: =0/142.5 -> 0 | BH67: =0/142.5 -> 0 | BI67: =0/142.5 -> 0 | BJ67: =0/142.5 -> 0 | BK67: =0/142.5 -> 0 | BL67: =0/172.5 -> 0 | BM67: =0/172.5 -> 0 | BN67: =0/172.5 -> 0 | BO67: =0/157.5 -> 0 | BP67: =0/157.5 -> 0 | BQ67: =0/157.5 -> 0 | BR67: =0/157.5 -> 0 | BS67: =0/157.5 -> 0 | BT67: =0/172.5 -> 0 | BU67: =0/172.5 -> 0 | BV67: =0/172.5 -> 0 | BW67: =0/157.5 -> 0 | BX67: =0/157.5 -> 0 | BY67: =0/157.5 -> 0 | BZ67: =0/157.5 -> 0 | CA67: =0/157.5 -> 0 | CB67: =0/172.5 -> 0 | CC67: =0/172.5 -> 0 | CD67: =0/172.5 -> 0 | CE67: =0/157.5 -> 0 | CF67: =0/157.5 -> 0 | CG67: =0/157.5 -> 0 | CH67: =0/157.5 -> 0 | CI67: =0/157.5 -> 0 | CJ67: =0/172.5 -> 0 | CK67: =0/172.5 -> 0 | CL67: =0/172.5 -> 0 | CM67: =0/142.5 -> 0 | CN67: =0/142.5 -> 0 | CO67: =0/142.5 -> 0 | CP67: =0/142.5 -> 0 | CQ67: =0/142.5 -> 0 | CR67: =0/172.5 -> 0 | CS67: =0/172.5 -> 0 | CT67: =0/172.5 -> 0
N68: 実績 | O68: =0/127.5 -> 0 | P68: =0/127.5 -> 0 | Q68: =0/127.5 -> 0 | R68: =0/127.5 -> 0 | S68: =0/127.5 -> 0 | T68: =0/127.5 -> 0 | U68: =0/127.5 -> 0 | V68: =0/142.5 -> 0 | W68: =0/142.5 -> 0 | X68: =0/142.5 -> 0 | Y68: =0/142.5 -> 0 | Z68: =0/142.5 -> 0 | AA68: =0/165 -> 0 | AB68: =0/165 -> 0 | AC68: =0/165 -> 0 | AD68: =0/165 -> 0 | AE68: =0/165 -> 0 | AF68: =0/165 -> 0 | AG68: =0/165 -> 0 | AH68: =(0.5+1.75)/165 -> 0.013636364 | AI68: =(0)/165 -> 0 | AJ68: =(0+4)/165 -> 0.024242424 | AK68: =(0)/165 -> 0 | AL68: =(0)/165 -> 0 | AM68: =(4+5)/165 -> 0.054545455 | AN68: =(0)/157.5 -> 0 | AO68: =(0)/157.5 -> 0 | AP68: =(0)/157.5 -> 0 | AQ68: =(0)/157.5 -> 0 | AR68: =(0)/157.5 -> 0 | AS68: =(0)/157.5 -> 0 | AT68: =(0)/165 -> 0 | AU68: =(0)/165 -> 0 | AV68: =(0)/165 -> 0 | AW68: =(0)/165 -> 0 | AX68: =(0)/165 -> 0 | AY68: =(0)/165 -> 0 | AZ68: =(0)/150 -> 0 | BA68: =(0)/150 -> 0 | BB68: =(0)/150 -> 0 | BC68: =(0)/150 -> 0 | BD68: =(0)/150 -> 0 | BE68: =(0)/150 -> 0 | BF68: =(0)/150 -> 0 | BG68: =0/142.5 -> 0 | BH68: =0/142.5 -> 0 | BI68: =0/142.5 -> 0 | BJ68: =0/142.5 -> 0 | BK68: =0/142.5 -> 0 | BL68: =0/172.5 -> 0 | BM68: =0/172.5 -> 0 | BN68: =0/172.5 -> 0 | BO68: =0/157.5 -> 0 | BP68: =0/157.5 -> 0 | BQ68: =0/157.5 -> 0 | BR68: =0/157.5 -> 0 | BS68: =0/157.5 -> 0 | BT68: =0/172.5 -> 0 | BU68: =0/172.5 -> 0 | BV68: =0/172.5 -> 0 | BW68: =0/157.5 -> 0 | BX68: =0/157.5 -> 0 | BY68: =0/157.5 -> 0 | BZ68: =0/157.5 -> 0 | CA68: =0/157.5 -> 0 | CB68: =0/172.5 -> 0 | CC68: =0/172.5 -> 0 | CD68: =0/172.5 -> 0 | CE68: =0/157.5 -> 0 | CF68: =0/157.5 -> 0 | CG68: =0/157.5 -> 0 | CH68: =0/157.5 -> 0 | CI68: =0/157.5 -> 0 | CJ68: =0/172.5 -> 0 | CK68: =0/172.5 -> 0 | CL68: =0/172.5 -> 0 | CM68: =0/142.5 -> 0 | CN68: =0/142.5 -> 0 | CO68: =0/142.5 -> 0 | CP68: =0/142.5 -> 0 | CQ68: =0/142.5 -> 0 | CR68: =0/172.5 -> 0 | CS68: =0/172.5 -> 0 | CT68: =0/172.5 -> 0
A69: 32 | B69: 完了 | C69: 定型 | D69: 山田 | E69: F211 | F69: PB00202165 | G69: 【定型】米国株注文画面への文言追加について | H69: =SUM(AZ69:BF69) -> 0 | I69: =SUM(AZ70:BF70) -> 0 | N69: 計画 | O69: =0/127.5 -> 0 | P69: =0/127.5 -> 0 | Q69: =0/127.5 -> 0 | R69: =0/127.5 -> 0 | S69: =0/127.5 -> 0 | T69: =0/127.5 -> 0 | U69: =0/127.5 -> 0 | V69: =0/142.5 -> 0 | W69: =0/142.5 -> 0 | X69: =0/142.5 -> 0 | Y69: =0/142.5 -> 0 | Z69: =0/142.5 -> 0 | AA69: =0/165 -> 0 | AB69: =0/165 -> 0 | AC69: =0/165 -> 0 | AD69: =0/165 -> 0 | AE69: =0/165 -> 0 | AF69: =0/165 -> 0 | AG69: =0/165 -> 0 | AH69: =(5)/165 -> 0.03030303 | AI69: =(2)/165 -> 0.012121212 | AJ69: =(0)/165 -> 0 | AK69: =(0)/165 -> 0 | AL69: =(0)/165 -> 0 | AM69: =(18)/165 -> 0.10909091 | AN69: =(0)/157.5 -> 0 | AO69: =(0)/157.5 -> 0 | AP69: =(0)/157.5 -> 0 | AQ69: =(0)/157.5 -> 0 | AR69: =(0)/157.5 -> 0 | AS69: =(0)/157.5 -> 0 | AT69: =(0)/165 -> 0 | AU69: =(0)/165 -> 0 | AV69: =(0)/165 -> 0 | AW69: =(0)/165 -> 0 | AX69: =(0)/165 -> 0 | AY69: =(0)/165 -> 0 | AZ69: =(0)/150 -> 0 | BA69: =(0)/150 -> 0 | BB69: =(0)/150 -> 0 | BC69: =(0)/150 -> 0 | BD69: =(0)/150 -> 0 | BE69: =(0)/150 -> 0 | BF69: =(0)/150 -> 0 | BG69: =0/142.5 -> 0 | BH69: =0/142.5 -> 0 | BI69: =0/142.5 -> 0 | BJ69: =0/142.5 -> 0 | BK69: =0/142.5 -> 0 | BL69: =0/172.5 -> 0 | BM69: =0/172.5 -> 0 | BN69: =0/172.5 -> 0 | BO69: =0/157.5 -> 0 | BP69: =0/157.5 -> 0 | BQ69: =0/157.5 -> 0 | BR69: =0/157.5 -> 0 | BS69: =0/157.5 -> 0 | BT69: =0/172.5 -> 0 | BU69: =0/172.5 -> 0 | BV69: =0/172.5 -> 0 | BW69: =0/157.5 -> 0 | BX69: =0/157.5 -> 0 | BY69: =0/157.5 -> 0 | BZ69: =0/157.5 -> 0 | CA69: =0/157.5 -> 0 | CB69: =0/172.5 -> 0 | CC69: =0/172.5 -> 0 | CD69: =0/172.5 -> 0 | CE69: =0/157.5 -> 0 | CF69: =0/157.5 -> 0 | CG69: =0/157.5 -> 0 | CH69: =0/157.5 -> 0 | CI69: =0/157.5 -> 0 | CJ69: =0/172.5 -> 0 | CK69: =0/172.5 -> 0 | CL69: =0/172.5 -> 0 | CM69: =0/142.5 -> 0 | CN69: =0/142.5 -> 0 | CO69: =0/142.5 -> 0 | CP69: =0/142.5 -> 0 | CQ69: =0/142.5 -> 0 | CR69: =0/172.5 -> 0 | CS69: =0/172.5 -> 0 | CT69: =0/172.5 -> 0
N70: 実績 | O70: =0/127.5 -> 0 | P70: =0/127.5 -> 0 | Q70: =0/127.5 -> 0 | R70: =0/127.5 -> 0 | S70: =0/127.5 -> 0 | T70: =0/127.5 -> 0 | U70: =0/127.5 -> 0 | V70: =0/142.5 -> 0 | W70: =0/142.5 -> 0 | X70: =0/142.5 -> 0 | Y70: =0/142.5 -> 0 | Z70: =0/142.5 -> 0 | AA70: =0/165 -> 0 | AB70: =0/165 -> 0 | AC70: =0/165 -> 0 | AD70: =0/165 -> 0 | AE70: =0/165 -> 0 | AF70: =0/165 -> 0 | AG70: =0/165 -> 0 | AH70: =(0+2+1.5+1.5)/165 -> 0.03030303 | AI70: =(0+1)/165 -> 0.0060606061 | AJ70: =(0)/165 -> 0 | AK70: =(0)/165 -> 0 | AL70: =(0)/165 -> 0 | AM70: =(0+8.5+6+3.25)/165 -> 0.10757576 | AN70: =(0)/157.5 -> 0 | AO70: =(0)/157.5 -> 0 | AP70: =(0)/157.5 -> 0 | AQ70: =(0)/157.5 -> 0 | AR70: =(0)/157.5 -> 0 | AS70: =(0)/157.5 -> 0 | AT70: =(0)/165 -> 0 | AU70: =(0)/165 -> 0 | AV70: =(0)/165 -> 0 | AW70: =(0)/165 -> 0 | AX70: =(0)/165 -> 0 | AY70: =(0)/165 -> 0 | AZ70: =(0)/150 -> 0 | BA70: =(0)/150 -> 0 | BB70: =(0)/150 -> 0 | BC70: =(0)/150 -> 0 | BD70: =(0)/150 -> 0 | BE70: =(0)/150 -> 0 | BF70: =(0)/150 -> 0 | BG70: =0/142.5 -> 0 | BH70: =0/142.5 -> 0 | BI70: =0/142.5 -> 0 | BJ70: =0/142.5 -> 0 | BK70: =0/142.5 -> 0 | BL70: =0/172.5 -> 0 | BM70: =0/172.5 -> 0 | BN70: =0/172.5 -> 0 | BO70: =0/157.5 -> 0 | BP70: =0/157.5 -> 0 | BQ70: =0/157.5 -> 0 | BR70: =0/157.5 -> 0 | BS70: =0/157.5 -> 0 | BT70: =0/172.5 -> 0 | BU70: =0/172.5 -> 0 | BV70: =0/172.5 -> 0 | BW70: =0/157.5 -> 0 | BX70: =0/157.5 -> 0 | BY70: =0/157.5 -> 0 | BZ70: =0/157.5 -> 0 | CA70: =0/157.5 -> 0 | CB70: =0/172.5 -> 0 | CC70: =0/172.5 -> 0 | CD70: =0/172.5 -> 0 | CE70: =0/157.5 -> 0 | CF70: =0/157.5 -> 0 | CG70: =0/157.5 -> 0 | CH70: =0/157.5 -> 0 | CI70: =0/157.5 -> 0 | CJ70: =0/172.5 -> 0 | CK70: =0/172.5 -> 0 | CL70: =0/172.5 -> 0 | CM70: =0/142.5 -> 0 | CN70: =0/142.5 -> 0 | CO70: =0/142.5 -> 0 | CP70: =0/142.5 -> 0 | CQ70: =0/142.5 -> 0 | CR70: =0/172.5 -> 0 | CS70: =0/172.5 -> 0 | CT70: =0/172.5 -> 0
A71: 33 | B71: 完了 | C71: 定型 | D71: 仲井 | E71: F212 | F71: PB00202163 | G71: 【定型】投資家サイトの注意文言追加 | H71: =SUM(AZ71:BF71) -> 0 | I71: =SUM(AZ72:BF72) -> 0 | N71: 計画 | O71: =0/127.5 -> 0 | P71: =0/127.5 -> 0 | Q71: =0/127.5 -> 0 | R71: =0/127.5 -> 0 | S71: =0/127.5 -> 0 | T71: =0/127.5 -> 0 | U71: =0/127.5 -> 0 | V71: =0/142.5 -> 0 | W71: =0/142.5 -> 0 | X71: =0/142.5 -> 0 | Y71: =0/142.5 -> 0 | Z71: =0/142.5 -> 0 | AA71: =0/165 -> 0 | AB71: =0/165 -> 0 | AC71: =0/165 -> 0 | AD71: =0/165 -> 0 | AE71: =0/165 -> 0 | AF71: =0/165 -> 0 | AG71: =0/165 -> 0 | AH71: =(6)/165 -> 0.036363636 | AI71: =(27)/165 -> 0.16363636 | AJ71: =(0)/165 -> 0 | AK71: =(20)/165 -> 0.12121212 | AL71: =(0)/165 -> 0 | AM71: =(0)/165 -> 0 | AN71: =(0)/157.5 -> 0 | AO71: =(0)/157.5 -> 0 | AP71: =(0)/157.5 -> 0 | AQ71: =(0)/157.5 -> 0 | AR71: =(0)/157.5 -> 0 | AS71: =(0)/157.5 -> 0 | AT71: =(0)/165 -> 0 | AU71: =(0)/165 -> 0 | AV71: =(0)/165 -> 0 | AW71: =(0)/165 -> 0 | AX71: =(0)/165 -> 0 | AY71: =(0)/165 -> 0 | AZ71: =(0)/150 -> 0 | BA71: =(0)/150 -> 0 | BB71: =(0)/150 -> 0 | BC71: =(0)/150 -> 0 | BD71: =(0)/150 -> 0 | BE71: =(0)/150 -> 0 | BF71: =(0)/150 -> 0 | BG71: =0/142.5 -> 0 | BH71: =0/142.5 -> 0 | BI71: =0/142.5 -> 0 | BJ71: =0/142.5 -> 0 | BK71: =0/142.5 -> 0 | BL71: =0/172.5 -> 0 | BM71: =0/172.5 -> 0 | BN71: =0/172.5 -> 0 | BO71: =0/157.5 -> 0 | BP71: =0/157.5 -> 0 | BQ71: =0/157.5 -> 0 | BR71: =0/157.5 -> 0 | BS71: =0/157.5 -> 0 | BT71: =0/172.5 -> 0 | BU71: =0/172.5 -> 0 | BV71: =0/172.5 -> 0 | BW71: =0/157.5 -> 0 | BX71: =0/157.5 -> 0 | BY71: =0/157.5 -> 0 | BZ71: =0/157.5 -> 0 | CA71: =0/157.5 -> 0 | CB71: =0/172.5 -> 0 | CC71: =0/172.5 -> 0 | CD71: =0/172.5 -> 0 | CE71: =0/157.5 -> 0 | CF71: =0/157.5 -> 0 | CG71: =0/157.5 -> 0 | CH71: =0/157.5 -> 0 | CI71: =0/157.5 -> 0 | CJ71: =0/172.5 -> 0 | CK71: =0/172.5 -> 0 | CL71: =0/172.5 -> 0 | CM71: =0/142.5 -> 0 | CN71: =0/142.5 -> 0 | CO71: =0/142.5 -> 0 | CP71: =0/142.5 -> 0 | CQ71: =0/142.5 -> 0 | CR71: =0/172.5 -> 0 | CS71: =0/172.5 -> 0 | CT71: =0/172.5 -> 0
N72: 実績 | O72: =0/127.5 -> 0 | P72: =0/127.5 -> 0 | Q72: =0/127.5 -> 0 | R72: =0/127.5 -> 0 | S72: =0/127.5 -> 0 | T72: =0/127.5 -> 0 | U72: =0/127.5 -> 0 | V72: =0/142.5 -> 0 | W72: =0/142.5 -> 0 | X72: =0/142.5 -> 0 | Y72: =0/142.5 -> 0 | Z72: =0/142.5 -> 0 | AA72: =0/165 -> 0 | AB72: =0/165 -> 0 | AC72: =0/165 -> 0 | AD72: =0/165 -> 0 | AE72: =0/165 -> 0 | AF72: =0/165 -> 0 | AG72: =0/165 -> 0 | AH72: =(0+2+2.5+1.5+0.5)/165 -> 0.039393939 | AI72: =(0+12.5+9.5+2.5+2.25)/165 -> 0.16212121 | AJ72: =(0)/165 -> 0 | AK72: =(0+10+4+1.5+2.75)/165 -> 0.11060606 | AL72: =(0)/165 -> 0 | AM72: =(0)/165 -> 0 | AN72: =(0)/157.5 -> 0 | AO72: =(0)/157.5 -> 0 | AP72: =(0)/157.5 -> 0 | AQ72: =(0)/157.5 -> 0 | AR72: =(0)/157.5 -> 0 | AS72: =(0)/157.5 -> 0 | AT72: =(0)/165 -> 0 | AU72: =(0)/165 -> 0 | AV72: =(0)/165 -> 0 | AW72: =(0)/165 -> 0 | AX72: =(0)/165 -> 0 | AY72: =(0)/165 -> 0 | AZ72: =(0)/150 -> 0 | BA72: =(0)/150 -> 0 | BB72: =(0)/150 -> 0 | BC72: =(0)/150 -> 0 | BD72: =(0)/150 -> 0 | BE72: =(0)/150 -> 0 | BF72: =(0)/150 -> 0 | BG72: =0/142.5 -> 0 | BH72: =0/142.5 -> 0 | BI72: =0/142.5 -> 0 | BJ72: =0/142.5 -> 0 | BK72: =0/142.5 -> 0 | BL72: =0/172.5 -> 0 | BM72: =0/172.5 -> 0 | BN72: =0/172.5 -> 0 | BO72: =0/157.5 -> 0 | BP72: =0/157.5 -> 0 | BQ72: =0/157.5 -> 0 | BR72: =0/157.5 -> 0 | BS72: =0/157.5 -> 0 | BT72: =0/172.5 -> 0 | BU72: =0/172.5 -> 0 | BV72: =0/172.5 -> 0 | BW72: =0/157.5 -> 0 | BX72: =0/157.5 -> 0 | BY72: =0/157.5 -> 0 | BZ72: =0/157.5 -> 0 | CA72: =0/157.5 -> 0 | CB72: =0/172.5 -> 0 | CC72: =0/172.5 -> 0 | CD72: =0/172.5 -> 0 | CE72: =0/157.5 -> 0 | CF72: =0/157.5 -> 0 | CG72: =0/157.5 -> 0 | CH72: =0/157.5 -> 0 | CI72: =0/157.5 -> 0 | CJ72: =0/172.5 -> 0 | CK72: =0/172.5 -> 0 | CL72: =0/172.5 -> 0 | CM72: =0/142.5 -> 0 | CN72: =0/142.5 -> 0 | CO72: =0/142.5 -> 0 | CP72: =0/142.5 -> 0 | CQ72: =0/142.5 -> 0 | CR72: =0/172.5 -> 0 | CS72: =0/172.5 -> 0 | CT72: =0/172.5 -> 0
A73: 34 | B73: 完了 | C73: 定型 | D73: 山本 | E73: F213 | F73: PB00202164 | G73: 【定型】パスキー登録画面の表示テキストを追加希望 | H73: =SUM(AZ73:BF73) -> 0 | I73: =SUM(AZ74:BF74) -> 0 | N73: 計画 | O73: =0/127.5 -> 0 | P73: =0/127.5 -> 0 | Q73: =0/127.5 -> 0 | R73: =0/127.5 -> 0 | S73: =0/127.5 -> 0 | T73: =0/127.5 -> 0 | U73: =0/127.5 -> 0 | V73: =0/142.5 -> 0 | W73: =0/142.5 -> 0 | X73: =0/142.5 -> 0 | Y73: =0/142.5 -> 0 | Z73: =0/142.5 -> 0 | AA73: =0/165 -> 0 | AB73: =0/165 -> 0 | AC73: =0/165 -> 0 | AD73: =0/165 -> 0 | AE73: =0/165 -> 0 | AF73: =0/165 -> 0 | AG73: =0/165 -> 0 | AH73: =(6)/165 -> 0.036363636 | AI73: =(0)/165 -> 0 | AJ73: =(15)/165 -> 0.090909091 | AK73: =(3)/165 -> 0.018181818 | AL73: =(0)/165 -> 0 | AM73: =(0)/165 -> 0 | AN73: =(0)/157.5 -> 0 | AO73: =(0)/157.5 -> 0 | AP73: =(0)/157.5 -> 0 | AQ73: =(0)/157.5 -> 0 | AR73: =(0)/157.5 -> 0 | AS73: =(0)/157.5 -> 0 | AT73: =(0)/165 -> 0 | AU73: =(0)/165 -> 0 | AV73: =(0)/165 -> 0 | AW73: =(0)/165 -> 0 | AX73: =(0)/165 -> 0 | AY73: =(0)/165 -> 0 | AZ73: =(0)/150 -> 0 | BA73: =(0)/150 -> 0 | BB73: =(0)/150 -> 0 | BC73: =(0)/150 -> 0 | BD73: =(0)/150 -> 0 | BE73: =(0)/150 -> 0 | BF73: =(0)/150 -> 0 | BG73: =0/142.5 -> 0 | BH73: =0/142.5 -> 0 | BI73: =0/142.5 -> 0 | BJ73: =0/142.5 -> 0 | BK73: =0/142.5 -> 0 | BL73: =0/172.5 -> 0 | BM73: =0/172.5 -> 0 | BN73: =0/172.5 -> 0 | BO73: =0/157.5 -> 0 | BP73: =0/157.5 -> 0 | BQ73: =0/157.5 -> 0 | BR73: =0/157.5 -> 0 | BS73: =0/157.5 -> 0 | BT73: =0/172.5 -> 0 | BU73: =0/172.5 -> 0 | BV73: =0/172.5 -> 0 | BW73: =0/157.5 -> 0 | BX73: =0/157.5 -> 0 | BY73: =0/157.5 -> 0 | BZ73: =0/157.5 -> 0 | CA73: =0/157.5 -> 0 | CB73: =0/172.5 -> 0 | CC73: =0/172.5 -> 0 | CD73: =0/172.5 -> 0 | CE73: =0/157.5 -> 0 | CF73: =0/157.5 -> 0 | CG73: =0/157.5 -> 0 | CH73: =0/157.5 -> 0 | CI73: =0/157.5 -> 0 | CJ73: =0/172.5 -> 0 | CK73: =0/172.5 -> 0 | CL73: =0/172.5 -> 0 | CM73: =0/142.5 -> 0 | CN73: =0/142.5 -> 0 | CO73: =0/142.5 -> 0 | CP73: =0/142.5 -> 0 | CQ73: =0/142.5 -> 0 | CR73: =0/172.5 -> 0 | CS73: =0/172.5 -> 0 | CT73: =0/172.5 -> 0
N74: 実績 | O74: =0/127.5 -> 0 | P74: =0/127.5 -> 0 | Q74: =0/127.5 -> 0 | R74: =0/127.5 -> 0 | S74: =0/127.5 -> 0 | T74: =0/127.5 -> 0 | U74: =0/127.5 -> 0 | V74: =0/142.5 -> 0 | W74: =0/142.5 -> 0 | X74: =0/142.5 -> 0 | Y74: =0/142.5 -> 0 | Z74: =0/142.5 -> 0 | AA74: =0/165 -> 0 | AB74: =0/165 -> 0 | AC74: =0/165 -> 0 | AD74: =0/165 -> 0 | AE74: =0/165 -> 0 | AF74: =0/165 -> 0 | AG74: =0/165 -> 0 | AH74: =(0+1+2.5+1.5)/165 -> 0.03030303 | AI74: =(0)/165 -> 0 | AJ74: =(0+1+10+3.25)/165 -> 0.086363636 | AK74: =(0+1.5)/165 -> 0.0090909091 | AL74: =(0)/165 -> 0 | AM74: =(0)/165 -> 0 | AN74: =(0)/157.5 -> 0 | AO74: =(0)/157.5 -> 0 | AP74: =(0)/157.5 -> 0 | AQ74: =(0)/157.5 -> 0 | AR74: =(0)/157.5 -> 0 | AS74: =(0)/157.5 -> 0 | AT74: =(0)/165 -> 0 | AU74: =(0)/165 -> 0 | AV74: =(0)/165 -> 0 | AW74: =(0)/165 -> 0 | AX74: =(0)/165 -> 0 | AY74: =(0)/165 -> 0 | AZ74: =(0)/150 -> 0 | BA74: =(0)/150 -> 0 | BB74: =(0)/150 -> 0 | BC74: =(0)/150 -> 0 | BD74: =(0)/150 -> 0 | BE74: =(0)/150 -> 0 | BF74: =(0)/150 -> 0 | BG74: =0/142.5 -> 0 | BH74: =0/142.5 -> 0 | BI74: =0/142.5 -> 0 | BJ74: =0/142.5 -> 0 | BK74: =0/142.5 -> 0 | BL74: =0/172.5 -> 0 | BM74: =0/172.5 -> 0 | BN74: =0/172.5 -> 0 | BO74: =0/157.5 -> 0 | BP74: =0/157.5 -> 0 | BQ74: =0/157.5 -> 0 | BR74: =0/157.5 -> 0 | BS74: =0/157.5 -> 0 | BT74: =0/172.5 -> 0 | BU74: =0/172.5 -> 0 | BV74: =0/172.5 -> 0 | BW74: =0/157.5 -> 0 | BX74: =0/157.5 -> 0 | BY74: =0/157.5 -> 0 | BZ74: =0/157.5 -> 0 | CA74: =0/157.5 -> 0 | CB74: =0/172.5 -> 0 | CC74: =0/172.5 -> 0 | CD74: =0/172.5 -> 0 | CE74: =0/157.5 -> 0 | CF74: =0/157.5 -> 0 | CG74: =0/157.5 -> 0 | CH74: =0/157.5 -> 0 | CI74: =0/157.5 -> 0 | CJ74: =0/172.5 -> 0 | CK74: =0/172.5 -> 0 | CL74: =0/172.5 -> 0 | CM74: =0/142.5 -> 0 | CN74: =0/142.5 -> 0 | CO74: =0/142.5 -> 0 | CP74: =0/142.5 -> 0 | CQ74: =0/142.5 -> 0 | CR74: =0/172.5 -> 0 | CS74: =0/172.5 -> 0 | CT74: =0/172.5 -> 0
A75: 35 | B75: 完了 | C75: その他 | D75: 富田 | E75: LS1 | F75: PB00202110 | G75: 【LISA】(15)社名変更案件への要員アサイン依頼 | H75: =SUM(AZ75:BF75) -> 0 | I75: =SUM(AZ76:BF76) -> 0 | N75: 計画 | O75: =0/127.5 -> 0 | P75: =0/127.5 -> 0 | Q75: =0/127.5 -> 0 | R75: =0/127.5 -> 0 | S75: =0/127.5 -> 0 | T75: =0/127.5 -> 0 | U75: =0/127.5 -> 0 | V75: =0/142.5 -> 0 | W75: =0/142.5 -> 0 | X75: =0/142.5 -> 0 | Y75: =0/142.5 -> 0 | Z75: =0/142.5 -> 0 | AA75: =0/165 -> 0 | AB75: =0/165 -> 0 | AC75: =0/165 -> 0 | AD75: =0/165 -> 0 | AE75: =0/165 -> 0 | AF75: =0/165 -> 0 | AG75: =0/165 -> 0 | AH75: =(3)/165 -> 0.018181818 | AI75: =(3)/165 -> 0.018181818 | AJ75: =(10)/165 -> 0.060606061 | AK75: =(0)/165 -> 0 | AL75: =(0)/165 -> 0 | AM75: =(10)/165 -> 0.060606061 | AN75: =(6)/157.5 -> 0.038095238 | AO75: =(0)/157.5 -> 0 | AP75: =(5)/157.5 -> 0.031746032 | AQ75: =(0)/157.5 -> 0 | AR75: =(0)/157.5 -> 0 | AS75: =(5)/157.5 -> 0.031746032 | AT75: =(0)/165 -> 0 | AU75: =(0)/165 -> 0 | AV75: =(0)/165 -> 0 | AW75: =(0)/165 -> 0 | AX75: =(0)/165 -> 0 | AY75: =(0)/165 -> 0 | AZ75: =(0)/150 -> 0 | BA75: =(0)/150 -> 0 | BB75: =(0)/150 -> 0 | BC75: =(0)/150 -> 0 | BD75: =(0)/150 -> 0 | BE75: =(0)/150 -> 0 | BF75: =(0)/150 -> 0 | BG75: =0/142.5 -> 0 | BH75: =0/142.5 -> 0 | BI75: =0/142.5 -> 0 | BJ75: =0/142.5 -> 0 | BK75: =0/142.5 -> 0 | BL75: =0/172.5 -> 0 | BM75: =0/172.5 -> 0 | BN75: =0/172.5 -> 0 | BO75: =0/157.5 -> 0 | BP75: =0/157.5 -> 0 | BQ75: =0/157.5 -> 0 | BR75: =0/157.5 -> 0 | BS75: =0/157.5 -> 0 | BT75: =0/172.5 -> 0 | BU75: =0/172.5 -> 0 | BV75: =0/172.5 -> 0 | BW75: =0/157.5 -> 0 | BX75: =0/157.5 -> 0 | BY75: =0/157.5 -> 0 | BZ75: =0/157.5 -> 0 | CA75: =0/157.5 -> 0 | CB75: =0/172.5 -> 0 | CC75: =0/172.5 -> 0 | CD75: =0/172.5 -> 0 | CE75: =0/157.5 -> 0 | CF75: =0/157.5 -> 0 | CG75: =0/157.5 -> 0 | CH75: =0/157.5 -> 0 | CI75: =0/157.5 -> 0 | CJ75: =0/172.5 -> 0 | CK75: =0/172.5 -> 0 | CL75: =0/172.5 -> 0 | CM75: =0/142.5 -> 0 | CN75: =0/142.5 -> 0 | CO75: =0/142.5 -> 0 | CP75: =0/142.5 -> 0 | CQ75: =0/142.5 -> 0 | CR75: =0/172.5 -> 0 | CS75: =0/172.5 -> 0 | CT75: =0/172.5 -> 0
